Seq,Specific,Non-Specific
CASSLAAGIGNEKLFF,28.0,49.0
CASSLAIGRRNEKLFF,2.0,18.0
CASSLAPGADNEKLFF,1.0,38.0
CASSLAPGAGNEKLFF,18.0,46.0
CASSLAPGANNEKLFF,71.0,48.0
CASSLAPGAPNEKLFF,37.0,49.0
CASSLAPGARNEKLFF,28.0,56.8
CASSLAPGAVNEKLFF,27.5,27.25
CASSLAPGDANEKLFF,58.0,2.0
CASSLAPGDDNEKLFF,37.0,42.0
CASSLAPGEGNEKLFF,31.0,48.0
CASSLAPGEVNEKLFF,86.0,38.0
CASSLAPGGDNEKLFF,1.0,72.0
CASSLAPGGENEKLFF,1.0,82.0
CASSLAPGGKNEKLFF,1.0,29.0
CASSLAPGIGNEKLFF,25.0,2.0
CASSLAPGIKNEKLFF,43.0,51.666666666666664
CASSLAPGITNEKLFF,36.0,42.333333333333336
CASSLAPGKANEKLFF,1.0,140.0
CASSLAPGKRNEKLFF,22.5,41.0
CASSLAPGKVNEKLFF,1.0,55.0
CASSLAPGLDNEKLFF,1.0,43.0
CASSLAPGLNNEKLFF,1.0,43.0
CASSLAPGLVNEKLFF,23.0,34.0
CASSLAPGNANEKLFF,1.0,65.0
CASSLAPGNINEKLFF,145.0,19.0
CASSLAPGNSNEKLFF,16.0,110.0
CASSLAPGNVNEKLFF,74.0,86.0
CASSLAPGPANEKLFF,1.0,50.0
CASSLAPGPNNEKLFF,29.5,9.0
CASSLAPGPPNEKLFF,71.0,1.0
CASSLAPGPQNEKLFF,46.5,36.0
CASSLAPGPSNEKLFF,11.0,34.0
CASSLAPGPVNEKLFF,73.0,1.0
CASSLAPGRANEKLFF,9.0,27.0
CASSLAPGRDNEKLFF,35.0,2.0
CASSLAPGRGNEKLFF,22.0,37.0
CASSLAPGRHNEKLFF,31.0,52.0
CASSLAPGRRNEKLFF,16.0,19.6
CASSLAPGRSNEKLFF,45.0,54.2
CASSLAPGSENEKLFF,10.0,78.0
CASSLAPGSRNEKLFF,26.0,45.0
CASSLAPGSTNEKLFF,90.28571428571429,72.5
CASSLAPGTANEKLFF,10.0,27.0
CASSLAPGTDNEKLFF,50.5,63.0
CASSLAPGTKNEKLFF,11.0,42.0
CASSLAPGTSNEKLFF,68.66666666666667,90.5
CASSLAPGTTNEKLFF,130.44444444444446,13.8
CASSLAPGTVNEKLFF,20.0,30.0
CASSLAPGVENEKLFF,36.5,22.0
CASSLAPGVGNEKLFF,52.666666666666664,37.666666666666664
CASSLAPGVKNEKLFF,19.0,77.0
CASSLAPGVQNEKLFF,39.0,24.0
CASSLAPGVTNEKLFF,44.0,22.5
CASSLAPGVVNEKLFF,13.0,56.0
CASSLARGRTNEKLFF,27.0,2.0
CASSLARGVGNEKLFF,1.0,1.0
CASSLARGVTNEKLFF,8.0,1.0
CASSLASGRSNEKLFF,16.5,25.0
CASSLATGIVNEKLFF,61.0,1.0
CASSLATGRANEKLFF,8.0,3.0
CASSLAVGATNEKLFF,31.0,77.0
CASSLDPGADNEKLFF,33.0,37.0
CASSLDPGAVNEKLFF,31.0,41.0
CASSLDPGDANEKLFF,78.0,68.0
CASSLDPGDPNEKLFF,43.0,12.0
CASSLDPGDTNEKLFF,9.0,1.0
CASSLDPGEVNEKLFF,30.0,16.5
CASSLDPGGANEKLFF,50.0,85.66666666666667
CASSLDPGGTNEKLFF,42.0,18.5
CASSLDPGHTNEKLFF,1.0,66.0
CASSLDPGIVNEKLFF,69.0,43.0
CASSLDPGKLNEKLFF,55.5,23.0
CASSLDPGLGNEKLFF,108.0,54.0
CASSLDPGLNNEKLFF,1.0,70.0
CASSLDPGNRNEKLFF,26.0,18.0
CASSLDPGPNNEKLFF,1.0,67.5
CASSLDPGQDNEKLFF,66.0,40.0
CASSLDPGQGNEKLFF,92.0,20.0
CASSLDPGRENEKLFF,130.0,2.0
CASSLDPGRGNEKLFF,13.0,29.333333333333332
CASSLDPGRHNEKLFF,35.5,43.0
CASSLDPGRPNEKLFF,1.0,49.5
CASSLDPGRRNEKLFF,35.0,12.5
CASSLDPGTLNEKLFF,23.0,27.0
CASSLDPGTPNEKLFF,31.0,65.0
CASSLDPGVENEKLFF,30.0,37.0
CASSLDPGVGNEKLFF,28.0,33.0
CASSLDPGVNNEKLFF,11.0,18.0
CASSLDPGVVNEKLFF,70.0,1.0
CASSLEPGAENEKLFF,2.0,41.5
CASSLEPGAKNEKLFF,61.0,47.0
CASSLEPGDTNEKLFF,1.0,39.0
CASSLEPGEINEKLFF,27.0,32.0
CASSLEPGEPNEKLFF,25.0,35.0
CASSLEPGGENEKLFF,1.0,33.5
CASSLEPGHANEKLFF,12.5,2.0
CASSLEPGIDNEKLFF,12.0,43.0
CASSLEPGIENEKLFF,1.0,42.0
CASSLEPGIPNEKLFF,18.0,41.0
CASSLEPGKDNEKLFF,68.0,22.0
CASSLEPGKKNEKLFF,1.0,83.0
CASSLEPGKTNEKLFF,41.0,42.0
CASSLEPGLENEKLFF,1.0,47.0
CASSLEPGPENEKLFF,16.0,54.0
CASSLEPGPINEKLFF,24.0,35.5
CASSLEPGPTNEKLFF,45.0,21.0
CASSLEPGPVNEKLFF,5.0,33.0
CASSLEPGQPNEKLFF,92.0,30.0
CASSLEPGQRNEKLFF,42.0,25.0
CASSLEPGRKNEKLFF,10.0,37.0
CASSLEPGTGNEKLFF,7.0,21.25
CASSLEPGTKNEKLFF,42.0,79.0
CASSLEPGVDNEKLFF,1.0,29.0
CASSLEPGVNNEKLFF,4.0,48.0
CASSLEPGVRNEKLFF,22.0,51.666666666666664
CASSLEPGVTNEKLFF,65.0,58.0
CASSLGAGRSNEKLFF,4.0,62.0
CASSLGPGAINEKLFF,42.0,33.0
CASSLGPGALNEKLFF,37.0,78.0
CASSLGPGATNEKLFF,43.0,1.0
CASSLGPGAVNEKLFF,11.5,51.0
CASSLGPGDRNEKLFF,28.5,52.0
CASSLGPGEENEKLFF,39.0,1.0
CASSLGPGEPNEKLFF,33.5,82.0
CASSLGPGGENEKLFF,15.5,2.0
CASSLGPGIANEKLFF,47.666666666666664,1.0
CASSLGPGILNEKLFF,18.0,49.0
CASSLGPGKPNEKLFF,5.0,44.5
CASSLGPGKRNEKLFF,26.0,36.0
CASSLGPGKVNEKLFF,5.0,32.0
CASSLGPGLLNEKLFF,23.0,62.0
CASSLGPGLVNEKLFF,15.0,32.5
CASSLGPGPENEKLFF,1.0,47.0
CASSLGPGPGNEKLFF,18.5,1.0
CASSLGPGPRNEKLFF,38.5,20.333333333333332
CASSLGPGRRNEKLFF,26.5,111.5
CASSLGPGSGNEKLFF,1.0,38.0
CASSLGPGSINEKLFF,1.0,40.5
CASSLGPGSRNEKLFF,16.0,24.0
CASSLGPGTANEKLFF,38.5,1.0
CASSLGPGTDNEKLFF,11.5,1.0
CASSLGPGTGNEKLFF,19.0,36.5
CASSLGPGTRNEKLFF,26.333333333333332,26.0
CASSLGPGTTNEKLFF,1.0,33.0
CASSLGPGTVNEKLFF,18.5,62.5
CASSLGPGVNNEKLFF,5.5,19.0
CASSLGPGVVNEKLFF,26.0,39.0
CASSLGRGIRNEKLFF,1.0,1.0
CASSLGTGLINEKLFF,18.0,1.0
CASSLHPGAENEKLFF,23.0,29.333333333333332
CASSLHPGAHNEKLFF,8.0,121.0
CASSLHPGAKNEKLFF,1.0,65.0
CASSLHPGAQNEKLFF,45.0,87.0
CASSLHPGASNEKLFF,70.0,43.0
CASSLHPGATNEKLFF,36.0,21.5
CASSLHPGAVNEKLFF,22.0,52.0
CASSLHPGDANEKLFF,18.0,106.0
CASSLHPGDDNEKLFF,19.5,92.0
CASSLHPGEPNEKLFF,93.0,1.0
CASSLHPGERNEKLFF,26.0,62.0
CASSLHPGGGNEKLFF,12.0,31.5
CASSLHPGGQNEKLFF,9.0,48.666666666666664
CASSLHPGIPNEKLFF,39.0,24.0
CASSLHPGIRNEKLFF,29.0,85.0
CASSLHPGLANEKLFF,43.5,102.0
CASSLHPGLGNEKLFF,12.0,31.0
CASSLHPGLQNEKLFF,3.0,30.5
CASSLHPGLTNEKLFF,31.0,72.0
CASSLHPGMVNEKLFF,69.0,26.0
CASSLHPGNKNEKLFF,44.0,77.0
CASSLHPGNTNEKLFF,21.5,34.0
CASSLHPGPDNEKLFF,44.0,60.0
CASSLHPGPVNEKLFF,31.0,31.0
CASSLHPGRANEKLFF,37.0,45.0
CASSLHPGRENEKLFF,1.0,71.0
CASSLHPGRINEKLFF,1.0,110.0
CASSLHPGRSNEKLFF,47.0,27.5
CASSLHPGTLNEKLFF,4.0,48.5
CASSLHPGTMNEKLFF,39.5,2.0
CASSLHPGTTNEKLFF,83.0,43.333333333333336
CASSLHPGTVNEKLFF,64.0,35.0
CASSLHPGVANEKLFF,44.5,49.333333333333336
CASSLIIGGRNEKLFF,2.0,2.0
CASSLIIGIANEKLFF,18.0,33.5
CASSLIIGLRNEKLFF,12.0,37.5
CASSLIPGAENEKLFF,4.0,53.0
CASSLIPGARNEKLFF,17.666666666666668,65.0
CASSLIPGASNEKLFF,1.0,28.0
CASSLIPGDVNEKLFF,14.5,30.0
CASSLIPGHKNEKLFF,39.0,23.666666666666668
CASSLIPGHRNEKLFF,64.0,33.0
CASSLIPGLRNEKLFF,19.0,23.0
CASSLIPGPTNEKLFF,33.5,121.5
CASSLIPGRGNEKLFF,15.0,67.0
CASSLIPGRLNEKLFF,29.0,38.0
CASSLIPGTANEKLFF,21.0,30.5
CASSLIPGTRNEKLFF,1.0,37.0
CASSLIPGTTNEKLFF,21.0,30.666666666666668
CASSLIPGVTNEKLFF,11.0,28.0
CASSLIRGLANEKLFF,73.0,36.0
CASSLIRGLLNEKLFF,12.0,48.0
CASSLITGLRNEKLFF,2.0,66.0
CASSLITGRGNEKLFF,39.0,29.0
CASSLITGSTNEKLFF,43.5,2.0
CASSLKPGAANEKLFF,23.0,28.5
CASSLKPGADNEKLFF,49.0,22.0
CASSLKPGAENEKLFF,128.0,15.0
CASSLKPGAINEKLFF,25.0,57.333333333333336
CASSLKPGAPNEKLFF,22.0,62.0
CASSLKPGAQNEKLFF,61.0,47.0
CASSLKPGARNEKLFF,1.0,44.0
CASSLKPGAVNEKLFF,34.0,76.66666666666667
CASSLKPGDANEKLFF,8.0,42.5
CASSLKPGEVNEKLFF,9.0,47.0
CASSLKPGGRNEKLFF,29.0,45.0
CASSLKPGHINEKLFF,35.0,48.0
CASSLKPGIKNEKLFF,23.0,34.333333333333336
CASSLKPGLDNEKLFF,15.0,42.0
CASSLKPGLNNEKLFF,21.0,31.0
CASSLKPGLPNEKLFF,73.0,31.0
CASSLKPGLRNEKLFF,31.0,24.0
CASSLKPGLSNEKLFF,47.0,2.0
CASSLKPGNTNEKLFF,1.0,63.0
CASSLKPGNVNEKLFF,47.0,41.333333333333336
CASSLKPGPHNEKLFF,12.5,16.0
CASSLKPGPRNEKLFF,116.0,60.0
CASSLKPGQMNEKLFF,46.0,4.0
CASSLKPGRANEKLFF,45.0,33.0
CASSLKPGRGNEKLFF,2.0,58.5
CASSLKPGRTNEKLFF,12.0,86.0
CASSLKPGRVNEKLFF,20.0,34.0
CASSLKPGTANEKLFF,29.0,92.0
CASSLKPGTDNEKLFF,40.0,31.0
CASSLKPGTENEKLFF,97.5,44.0
CASSLKPGTGNEKLFF,1.0,44.5
CASSLKPGTQNEKLFF,46.0,69.5
CASSLKPGTRNEKLFF,1.0,27.0
CASSLKPGVANEKLFF,20.5,56.5
CASSLKPGVENEKLFF,43.0,91.0
CASSLKPGVLNEKLFF,39.0,42.0
CASSLKPGVRNEKLFF,49.0,44.5
CASSLLAGIRNEKLFF,29.0,1.0
CASSLLGGVANEKLFF,53.0,1.0
CASSLLMGRVNEKLFF,116.0,23.0
CASSLLPGAANEKLFF,40.0,40.0
CASSLLPGADNEKLFF,40.0,125.0
CASSLLPGATNEKLFF,16.0,1.0
CASSLLPGEDNEKLFF,22.0,38.0
CASSLLPGEENEKLFF,5.0,19.0
CASSLLPGEGNEKLFF,100.5,51.5
CASSLLPGETNEKLFF,18.0,58.666666666666664
CASSLLPGEVNEKLFF,34.5,35.5
CASSLLPGGANEKLFF,39.0,58.0
CASSLLPGGDNEKLFF,76.33333333333333,16.333333333333332
CASSLLPGGENEKLFF,23.0,89.0
CASSLLPGGRNEKLFF,31.0,40.0
CASSLLPGGVNEKLFF,22.0,35.0
CASSLLPGIRNEKLFF,25.0,33.0
CASSLLPGIVNEKLFF,33.5,39.0
CASSLLPGKINEKLFF,13.0,24.0
CASSLLPGKVNEKLFF,10.0,69.0
CASSLLPGLNNEKLFF,21.0,44.0
CASSLLPGPGNEKLFF,34.0,21.5
CASSLLPGPPNEKLFF,51.0,30.0
CASSLLPGPVNEKLFF,14.0,2.0
CASSLLPGQLNEKLFF,16.0,57.0
CASSLLPGRANEKLFF,18.0,42.0
CASSLLPGRGNEKLFF,85.0,30.0
CASSLLPGRRNEKLFF,13.0,39.5
CASSLLPGRTNEKLFF,97.0,1.0
CASSLLPGRVNEKLFF,21.5,1.0
CASSLLPGSDNEKLFF,12.0,33.0
CASSLLPGSGNEKLFF,37.0,42.0
CASSLLPGTGNEKLFF,1.3333333333333333,30.5
CASSLLPGTHNEKLFF,39.0,22.0
CASSLLPGTKNEKLFF,66.0,2.0
CASSLLPGTRNEKLFF,70.0,45.0
CASSLLPGTSNEKLFF,18.0,11.0
CASSLLPGTVNEKLFF,25.0,24.0
CASSLLPGVANEKLFF,25.666666666666668,41.0
CASSLLPGVRNEKLFF,2.0,47.0
CASSLLPGVTNEKLFF,14.0,65.5
CASSLLPGVVNEKLFF,17.0,19.0
CASSLLRGMGNEKLFF,2.0,26.666666666666668
CASSLLRGRRNEKLFF,25.666666666666668,2.0
CASSLLRGRTNEKLFF,32.333333333333336,2.0
CASSLLRGVPNEKLFF,1.0,1.0
CASSLLTGLRNEKLFF,12.0,16.0
CASSLLVGVANEKLFF,17.0,26.0
CASSLLVGVVNEKLFF,1.0,35.0
CASSLMLGLRNEKLFF,27.0,47.0
CASSLMPGALNEKLFF,15.0,32.0
CASSLMPGLHNEKLFF,42.0,8.0
CASSLMPGRRNEKLFF,17.0,38.0
CASSLMPGVVNEKLFF,186.0,49.0
CASSLMTGRRNEKLFF,15.0,52.0
CASSLNPGAGNEKLFF,56.5,20.0
CASSLNPGAHNEKLFF,1.0,86.0
CASSLNPGAVNEKLFF,26.0,71.0
CASSLNPGDGNEKLFF,8.0,47.333333333333336
CASSLNPGGKNEKLFF,16.0,21.0
CASSLNPGHVNEKLFF,3.0,195.0
CASSLNPGKGNEKLFF,38.0,52.0
CASSLNPGLGNEKLFF,54.0,56.0
CASSLNPGLLNEKLFF,1.0,38.0
CASSLNPGNGNEKLFF,45.0,35.0
CASSLNPGPINEKLFF,34.0,26.0
CASSLNPGQRNEKLFF,13.0,51.0
CASSLNPGRENEKLFF,15.0,25.0
CASSLNPGRSNEKLFF,74.0,19.0
CASSLNPGRTNEKLFF,40.0,24.0
CASSLNPGRVNEKLFF,1.0,34.333333333333336
CASSLNPGTANEKLFF,251.0,67.5
CASSLNPGVENEKLFF,22.0,34.5
CASSLNPGVTNEKLFF,41.0,106.0
CASSLPGGGGNEKLFF,24.333333333333332,12.5
CASSLPGGIRNEKLFF,1.0,1.0
CASSLPGGPGNEKLFF,20.0,1.0
CASSLPGGTPNEKLFF,35.0,2.0
CASSLPIGGRNEKLFF,1.0,45.0
CASSLPIGPGNEKLFF,2.0,1.0
CASSLPLGIPNEKLFF,22.0,25.0
CASSLPLGRLNEKLFF,1.0,23.0
CASSLPMGGINEKLFF,47.0,26.5
CASSLPMGRSNEKLFF,28.0,28.5
CASSLPPGAANEKLFF,35.0,39.5
CASSLPPGADNEKLFF,91.0,37.0
CASSLPPGAGNEKLFF,38.0,57.0
CASSLPPGAHNEKLFF,37.0,85.0
CASSLPPGAINEKLFF,10.0,43.0
CASSLPPGANNEKLFF,66.0,48.0
CASSLPPGAPNEKLFF,66.0,23.0
CASSLPPGARNEKLFF,64.0,46.0
CASSLPPGAVNEKLFF,27.0,38.0
CASSLPPGDENEKLFF,38.5,94.0
CASSLPPGEINEKLFF,13.0,43.0
CASSLPPGEVNEKLFF,9.0,54.0
CASSLPPGGANEKLFF,45.5,75.0
CASSLPPGGENEKLFF,21.666666666666668,53.0
CASSLPPGGGNEKLFF,1.0,17.0
CASSLPPGGHNEKLFF,45.0,40.5
CASSLPPGGINEKLFF,6.0,30.0
CASSLPPGGPNEKLFF,7.0,167.0
CASSLPPGGRNEKLFF,14.0,33.0
CASSLPPGGVNEKLFF,44.0,50.0
CASSLPPGHENEKLFF,193.5,26.0
CASSLPPGIDNEKLFF,16.0,21.0
CASSLPPGITNEKLFF,2.0,81.5
CASSLPPGKGNEKLFF,50.0,71.0
CASSLPPGLGNEKLFF,25.5,71.0
CASSLPPGMLNEKLFF,1.0,41.0
CASSLPPGMNNEKLFF,54.0,1.0
CASSLPPGNENEKLFF,6.5,26.0
CASSLPPGPANEKLFF,56.0,82.0
CASSLPPGPTNEKLFF,30.0,35.0
CASSLPPGRANEKLFF,25.0,79.0
CASSLPPGRDNEKLFF,16.5,43.5
CASSLPPGRENEKLFF,104.0,2.0
CASSLPPGRGNEKLFF,100.0,34.0
CASSLPPGRINEKLFF,43.333333333333336,118.0
CASSLPPGRQNEKLFF,44.0,48.0
CASSLPPGRRNEKLFF,13.5,32.0
CASSLPPGRSNEKLFF,2.0,28.0
CASSLPPGRTNEKLFF,53.5,17.5
CASSLPPGRVNEKLFF,31.0,83.0
CASSLPPGSHNEKLFF,2.0,74.0
CASSLPPGSMNEKLFF,32.0,23.5
CASSLPPGTDNEKLFF,2.0,42.5
CASSLPPGTRNEKLFF,15.5,66.33333333333333
CASSLPPGTSNEKLFF,15.2,42.0
CASSLPPGTTNEKLFF,21.0,67.66666666666667
CASSLPPGTVNEKLFF,78.0,26.0
CASSLPPGVGNEKLFF,30.5,72.0
CASSLPPGVRNEKLFF,40.666666666666664,55.5
CASSLPPGVVNEKLFF,22.0,47.0
CASSLPRGGINEKLFF,63.0,1.0
CASSLPRGIVNEKLFF,1.0,1.0
CASSLPRGPRNEKLFF,15.5,1.0
CASSLPRGPVNEKLFF,2.0,25.0
CASSLPRGRRNEKLFF,41.0,72.0
CASSLPRGSANEKLFF,19.5,38.0
CASSLPTGVANEKLFF,35.0,43.0
CASSLPVGLRNEKLFF,29.0,28.0
CASSLPVGTVNEKLFF,8.0,29.0
CASSLQPGAANEKLFF,27.666666666666668,12.0
CASSLQPGAGNEKLFF,49.0,40.0
CASSLQPGAVNEKLFF,1.0,36.0
CASSLQPGDGNEKLFF,23.333333333333332,40.0
CASSLQPGEANEKLFF,41.0,31.0
CASSLQPGGENEKLFF,98.0,42.0
CASSLQPGGRNEKLFF,36.0,37.0
CASSLQPGGTNEKLFF,54.0,32.0
CASSLQPGHDNEKLFF,34.5,39.0
CASSLQPGHTNEKLFF,56.0,1.0
CASSLQPGIKNEKLFF,69.0,55.0
CASSLQPGKRNEKLFF,1.0,14.0
CASSLQPGKTNEKLFF,30.0,41.0
CASSLQPGLANEKLFF,33.666666666666664,1.0
CASSLQPGPVNEKLFF,20.0,45.0
CASSLQPGRANEKLFF,15.666666666666666,52.666666666666664
CASSLQPGRPNEKLFF,25.0,16.0
CASSLQPGRQNEKLFF,37.0,37.5
CASSLQPGRRNEKLFF,32.0,29.0
CASSLQPGTANEKLFF,7.0,24.0
CASSLQPGTENEKLFF,44.0,55.0
CASSLQPGTHNEKLFF,53.0,67.0
CASSLQPGTPNEKLFF,31.0,27.0
CASSLQPGTVNEKLFF,26.0,32.666666666666664
CASSLQPGVENEKLFF,16.0,1.0
CASSLQPGVGNEKLFF,37.0,45.0
CASSLQPGVNNEKLFF,40.0,25.0
CASSLRAGIVNEKLFF,11.0,83.0
CASSLRAGLGNEKLFF,23.0,1.0
CASSLRAGLRNEKLFF,28.0,40.0
CASSLRAGRGNEKLFF,39.0,1.0
CASSLRGGGRNEKLFF,1.0,26.0
CASSLRIGALNEKLFF,60.0,22.5
CASSLRLGTVNEKLFF,1.0,3.0
CASSLRPGAANEKLFF,6.0,103.5
CASSLRPGADNEKLFF,24.0,47.0
CASSLRPGAGNEKLFF,56.0,40.6
CASSLRPGARNEKLFF,8.0,23.5
CASSLRPGASNEKLFF,27.0,77.5
CASSLRPGAVNEKLFF,23.5,27.5
CASSLRPGDVNEKLFF,106.0,71.0
CASSLRPGEDNEKLFF,1.0,73.0
CASSLRPGELNEKLFF,17.0,13.0
CASSLRPGEVNEKLFF,16.0,42.0
CASSLRPGGDNEKLFF,20.5,1.0
CASSLRPGGGNEKLFF,17.666666666666668,24.0
CASSLRPGGPNEKLFF,14.0,82.0
CASSLRPGGVNEKLFF,24.5,16.0
CASSLRPGHVNEKLFF,1.0,31.0
CASSLRPGIDNEKLFF,47.0,32.0
CASSLRPGIGNEKLFF,43.666666666666664,245.0
CASSLRPGIINEKLFF,29.0,79.0
CASSLRPGINNEKLFF,1.0,85.0
CASSLRPGIRNEKLFF,11.5,1.0
CASSLRPGKRNEKLFF,33.75,20.0
CASSLRPGLANEKLFF,75.5,35.0
CASSLRPGLDNEKLFF,18.0,63.0
CASSLRPGLGNEKLFF,8.0,37.5
CASSLRPGLLNEKLFF,19.5,18.0
CASSLRPGLNNEKLFF,6.0,1.0
CASSLRPGLVNEKLFF,23.0,30.75
CASSLRPGNQNEKLFF,12.5,19.5
CASSLRPGNTNEKLFF,17.0,19.333333333333332
CASSLRPGPDNEKLFF,19.0,23.0
CASSLRPGPENEKLFF,11.0,32.0
CASSLRPGPGNEKLFF,15.0,39.0
CASSLRPGPINEKLFF,8.0,41.0
CASSLRPGPKNEKLFF,48.0,49.0
CASSLRPGPLNEKLFF,9.5,35.5
CASSLRPGPNNEKLFF,28.0,32.0
CASSLRPGPTNEKLFF,1.0,15.0
CASSLRPGPVNEKLFF,46.2,9.0
CASSLRPGQRNEKLFF,32.0,31.0
CASSLRPGQVNEKLFF,10.0,11.0
CASSLRPGRANEKLFF,73.0,40.666666666666664
CASSLRPGRENEKLFF,45.0,48.0
CASSLRPGRGNEKLFF,20.5,47.2
CASSLRPGRINEKLFF,20.0,29.333333333333332
CASSLRPGRKNEKLFF,19.0,1.0
CASSLRPGRQNEKLFF,1.0,50.0
CASSLRPGRRNEKLFF,41.5,42.75
CASSLRPGRSNEKLFF,34.0,35.0
CASSLRPGRTNEKLFF,51.0,35.8
CASSLRPGRVNEKLFF,1.0,44.0
CASSLRPGSENEKLFF,30.0,76.66666666666667
CASSLRPGSMNEKLFF,1.0,1.0
CASSLRPGSPNEKLFF,42.0,25.0
CASSLRPGSRNEKLFF,1.0,82.0
CASSLRPGSTNEKLFF,28.5,35.0
CASSLRPGTDNEKLFF,17.5,24.0
CASSLRPGTHNEKLFF,16.0,104.0
CASSLRPGTLNEKLFF,12.5,29.0
CASSLRPGTRNEKLFF,7.5,48.5
CASSLRPGTVNEKLFF,42.0,24.0
CASSLRPGVANEKLFF,29.666666666666668,6.666666666666667
CASSLRPGVINEKLFF,115.0,3.0
CASSLRPGVPNEKLFF,45.25,83.0
CASSLRPGVRNEKLFF,15.5,35.666666666666664
CASSLRPGVVNEKLFF,1.0,69.0
CASSLRRGALNEKLFF,75.0,29.5
CASSLRRGARNEKLFF,40.0,1.0
CASSLRRGLPNEKLFF,1.0,21.0
CASSLRRGLTNEKLFF,1.0,1.0
CASSLRRGPRNEKLFF,78.0,66.5
CASSLRRGSANEKLFF,18.0,72.0
CASSLRTGGRNEKLFF,23.5,3.0
CASSLRTGIGNEKLFF,50.0,2.0
CASSLRTGPGNEKLFF,1.0,1.0
CASSLRTGSRNEKLFF,43.0,46.0
CASSLRTGTINEKLFF,1.0,76.0
CASSLRTGTTNEKLFF,27.0,1.0
CASSLRTGVRNEKLFF,116.0,1.0
CASSLRTGVTNEKLFF,1.0,1.0
CASSLRVGVLNEKLFF,20.0,1.0
CASSLRVGVRNEKLFF,3.0,16.0
CASSLSPGAENEKLFF,1.0,28.0
CASSLSPGAINEKLFF,1.0,32.0
CASSLSPGDANEKLFF,41.0,30.0
CASSLSPGHRNEKLFF,1.0,49.0
CASSLSPGIANEKLFF,79.0,39.0
CASSLSPGLNNEKLFF,26.0,35.0
CASSLSPGLRNEKLFF,22.0,31.5
CASSLSPGPVNEKLFF,82.0,32.0
CASSLSPGRTNEKLFF,23.0,37.0
CASSLSPGTTNEKLFF,101.375,54.5
CASSLSPGVANEKLFF,20.0,95.0
CASSLSPGVGNEKLFF,37.0,42.0
CASSLSPGVVNEKLFF,37.0,2.0
CASSLSRGPINEKLFF,28.5,2.0
CASSLSTGIRNKKLFF,1.0,36.0
CASSLSTGPPNEKLFF,13.0,28.0
CASSLSVGTSNEKLFF,9.0,85.0
CASSLTAGLRNEKLFF,24.5,63.0
CASSLTAGRANEKLFF,1.0,44.0
CASSLTAGTTNEKLFF,2.0,38.0
CASSLTAGVINEKLFF,5.0,45.0
CASSLTAGVRNEKLFF,2.0,2.0
CASSLTGGGINEKLFF,1.0,52.0
CASSLTGGILNEKLFF,8.0,49.0
CASSLTGGIRNEKLFF,38.0,47.0
CASSLTGGTGNEKLFF,1.0,36.0
CASSLTIGRRNEKLFF,14.0,36.0
CASSLTIGSPNEKLFF,52.0,20.0
CASSLTPGAGNEKLFF,10.0,41.0
CASSLTPGAVNEKLFF,18.0,48.5
CASSLTPGEDNEKLFF,6.0,28.0
CASSLTPGEHNEKLFF,1.0,98.5
CASSLTPGETNEKLFF,61.0,35.0
CASSLTPGGANEKLFF,27.0,32.0
CASSLTPGGDNEKLFF,5.0,25.0
CASSLTPGGINEKLFF,14.0,24.0
CASSLTPGGSNEKLFF,1.0,31.0
CASSLTPGIINEKLFF,62.0,35.5
CASSLTPGINNEKLFF,2.0,104.0
CASSLTPGIRNEKLFF,21.0,123.0
CASSLTPGKHNEKLFF,8.0,40.0
CASSLTPGKINEKLFF,40.0,32.0
CASSLTPGKRNEKLFF,32.0,45.0
CASSLTPGLANEKLFF,15.5,26.666666666666668
CASSLTPGLDNEKLFF,37.75,2.0
CASSLTPGLENEKLFF,24.0,12.0
CASSLTPGLINEKLFF,14.0,38.0
CASSLTPGLRNEKLFF,51.0,49.333333333333336
CASSLTPGLVNEKLFF,1.0,34.0
CASSLTPGNQNEKLFF,2.0,51.5
CASSLTPGPKNEKLFF,71.0,34.0
CASSLTPGPTNEKLFF,7.0,34.0
CASSLTPGPVNEKLFF,7.5,27.0
CASSLTPGRANEKLFF,1.0,71.0
CASSLTPGRENEKLFF,53.0,27.0
CASSLTPGRGNEKLFF,29.75,51.0
CASSLTPGRKNEKLFF,39.666666666666664,103.0
CASSLTPGRRNEKLFF,18.0,37.8
CASSLTPGRSNEKLFF,11.5,26.666666666666668
CASSLTPGRTNEKLFF,37.0,69.0
CASSLTPGRVNEKLFF,38.0,53.5
CASSLTPGSGNEKLFF,35.0,71.0
CASSLTPGSTNEKLFF,13.0,40.0
CASSLTPGTANEKLFF,39.0,75.0
CASSLTPGTENEKLFF,23.0,43.0
CASSLTPGTGNEKLFF,67.33333333333333,18.0
CASSLTPGTINEKLFF,20.0,23.0
CASSLTPGTVNEKLFF,18.5,40.5
CASSLTPGVANEKLFF,36.0,45.0
CASSLTPGVDNEKLFF,1.0,78.0
CASSLTPGVGNEKLFF,28.0,33.0
CASSLTRGATNEKLFF,28.0,43.0
CASSLTRGGRNEKLFF,61.0,43.0
CASSLTRGRRNEKLFF,24.5,44.0
CASSLTSGLINEKLFF,8.0,52.0
CASSLTSGMTNEKLFF,22.5,38.0
CASSLTTGLRNEKLFF,16.0,36.0
CASSLTTGRRNEKLFF,29.0,2.0
CASSLTTGTPNEKLFF,21.0,38.0
CASSLTTGTRNEKLFF,61.0,41.0
CASSLTTGTTNEKLFF,30.0,42.0
CASSLTVGGGNEKLFF,42.0,112.0
CASSLTVGGRNEKLFF,43.0,115.0
CASSLTVGLMNEKLFF,1.0,45.0
CASSLTVGPSNEKLFF,25.5,97.0
CASSLTVGVRNEKLFF,35.0,44.0
CASSLVAGRGNEKLFF,20.0,46.0
CASSLVGGVRNEKLFF,22.0,76.0
CASSLVPGAANEKLFF,35.0,38.0
CASSLVPGADNEKLFF,28.0,35.0
CASSLVPGAENEKLFF,45.0,68.0
CASSLVPGAGNEKLFF,13.666666666666666,9.0
CASSLVPGAINEKLFF,37.0,36.0
CASSLVPGAQNEKLFF,14.0,24.0
CASSLVPGAVNEKLFF,12.0,47.0
CASSLVPGDDNEKLFF,30.0,39.0
CASSLVPGDGNEKLFF,30.0,37.5
CASSLVPGDPNEKLFF,24.0,34.0
CASSLVPGEVNEKLFF,40.0,1.0
CASSLVPGGANEKLFF,46.0,163.0
CASSLVPGGENEKLFF,24.0,38.0
CASSLVPGGRNEKLFF,17.0,37.5
CASSLVPGHVNEKLFF,18.0,1.0
CASSLVPGIENEKLFF,54.5,51.0
CASSLVPGIHNEKLFF,24.5,43.0
CASSLVPGIMNEKLFF,86.0,22.0
CASSLVPGIRNEKLFF,18.5,1.0
CASSLVPGISNEKLFF,33.0,89.0
CASSLVPGIVNEKLFF,21.0,53.0
CASSLVPGKRNEKLFF,28.5,47.0
CASSLVPGLHNEKLFF,39.5,27.0
CASSLVPGLVNEKLFF,24.0,96.0
CASSLVPGMRNEKLFF,20.0,2.0
CASSLVPGMTNEKLFF,1.0,55.5
CASSLVPGNRNEKLFF,16.0,52.0
CASSLVPGPDNEKLFF,16.5,19.0
CASSLVPGPGNEKLFF,117.0,42.0
CASSLVPGPSNEKLFF,27.0,95.5
CASSLVPGPVNEKLFF,68.0,38.25
CASSLVPGQINEKLFF,32.0,2.0
CASSLVPGQTNEKLFF,15.5,30.0
CASSLVPGRANEKLFF,46.0,38.0
CASSLVPGRENEKLFF,48.5,33.666666666666664
CASSLVPGRGNEKLFF,91.0,36.666666666666664
CASSLVPGRLNEKLFF,16.5,45.5
CASSLVPGRVNEKLFF,17.5,1.0
CASSLVPGSTNEKLFF,69.5,95.0
CASSLVPGTANEKLFF,24.666666666666668,35.75
CASSLVPGTDNEKLFF,1.0,62.0
CASSLVPGTENEKLFF,33.0,52.0
CASSLVPGTKNEKLFF,49.0,1.0
CASSLVPGTPNEKLFF,88.0,42.0
CASSLVPGTTNEKLFF,12.0,32.0
CASSLVPGVANEKLFF,41.0,73.0
CASSLVPGVGNEKLFF,1.0,45.666666666666664
CASSLVPGVMNEKLFF,1.0,2.0
CASSLVPGVPNEKLFF,60.5,20.0
CASSLVPGVSNEKLFF,39.0,20.0
CASSLVPGVVNEKLFF,14.333333333333334,38.0
CASSLVSGVGNEKLFF,1.0,1.0
