pos_freq_1,pos_seq_1,Unnamed: 2,neg_freq_1,neg_seq_1,Unnamed: 5,neg_freq_2,neg_seq_2
153490.0,CAGGDDKIIF,,221517.0,CAGGDDKIIF,,166923,CAGGDDKIIF
4314.0,CAGGDDKTIF,,4471.0,CAGGDDKTIF,,4915,CAGGDDKTIF
2646.0,CAGGDDKITF,,2264.0,CAGGDDKITF,,2924,CAGGDDKITF
1512.0,CAGGDDKNIF,,2051.0,CAGGDDKIIL,,1909,CAGGDDKSIF
1398.0,CAGGDDKSIF,,1985.0,GAGGDDKIIF,,1716,CAGGDDKNIF
1398.0,GAGGDDKIIF,,1624.0,CAGGDDKNIF,,1680,GAGGDDKIIF
1396.0,CAGGDEKIIF,,1611.0,CAGGDDKSIF,,1603,CAGIRTKGIF
1330.0,CAGGDDKIIL,,1603.0,WAGGDDKIIF,,1577,CAGGDEKIIF
1183.0,WAGGDDKIIF,,1476.0,CAGGDEKIIF,,1566,CAGRQSKIIF
869.0,CAGGDDKISF,,1404.0,CAGGEDKIIF,,1565,CAGGDDKIIL
828.0,CAGGEDKIIF,,931.0,FAGGDDKIIF,,1368,WAGGDDKIIF
714.0,FAGGDDKIIF,,925.0,CAGGDDKIIF,,1098,CAGGEDKIIF
599.0,CAGGDDKIIF,,908.0,CAGGDDKISF,,1063,CAGGDDKISF
541.0,CAGGDNKIIF,,737.0,CAGGDDKVIF,,1020,CAGISAKGIF
471.0,CAGGNDKIIF,,728.0,CAGGDDKIIF,,804,CAGGDDKIIF
231.0,CAGVNAKSIF,,699.0,CAGGDNKIIF,,735,FAGGDDKIIF
226.0,CAGGVTKVIF,,611.0,CAGGNDKIIF,,678,CAGADDKIIF
223.0,CAGGDDKTTF,,590.0,CAGGDDKIIL,,565,CAGGDNKIIF
222.0,CAGGTDKIIF,,572.0,CAGGDDRIIF,,556,CAGGNDKIIF
221.0,CAGIELKGIF,,540.0,CAGMRAKGIF,,546,CAGGDDKINF
211.0,CAGLVGKTIF,,538.0,,,513,CAGRTRKTIF
208.0,CAGPRAKGIF,,501.0,CAGLGLKRIF,,509,RAGGDDKIIF
203.0,CAGVWRKSIF,,335.0,CAGGALKGIF,,414,CAGTDVKPIF
196.0,CAGARGKAIF,,306.0,CAGTHAKVIF,,401,CAGLRTKSIF
180.0,,,298.0,CAGGYRKRIF,,394,CAGGLLKLIF
175.0,CAGLDLKPIF,,294.0,CAGSSGKLIF,,393,CAGATSKSIF
173.0,CAGGDGKSIF,,260.0,CAGLRTKVIF,,384,CAGVCGKMIF
171.0,CAGSAMKIIF,,259.0,CAGLGPKTIF,,372,CAGRLRKAIF
168.0,CAGAMSKLIF,,247.0,CAGITPKRIF,,367,CAGLDGKLIF
163.0,CAGIGLKAIF,,244.0,CAGTTRKVIF,,366,CAGLDAKTIF
159.0,CAGMSPKTIF,,241.0,CAGTMPKVIF,,365,CAGRSRKVIF
158.0,CAGLPAKIIF,,230.0,CAGAGTKGIF,,362,CAGPVAKVIF
153.0,CAGATPKVIF,,229.0,CAGAEVKVIF,,352,CAGRVIKGIF
148.0,CAGGYRKLIF,,228.0,CAGAIAKIIF,,351,CAGTLAKGIF
144.0,CAGVTLKRIF,,225.0,CAGVKSKVIF,,350,CAGPWIKRIF
141.0,CAGADSKGIF,,221.0,CAGGTIKVIF,,342,CAGIDRKAIF
139.0,CAGVCPKVIF,,221.0,CAGIVRKRIF,,326,CAGRVRKPIF
139.0,CAGSHIKVIF,,220.0,CAGPLLKVIF,,322,CAGSSRKVIF
137.0,CAGRDLKAIF,,214.0,CAGSETKTIF,,320,CAGSVRKVIF
134.0,CAGGVDKIIF,,210.0,CAGPFLKGIF,,319,CAGRWIKRIF
133.0,CAGADTKVIF,,210.0,CAGATAKRIF,,317,CAGPGAKVIF
132.0,CAGPRTKMIF,,207.0,CAGARAKTIF,,316,CAGAMTKVIF
129.0,CAGRRRKIIF,,203.0,CAGVVLKTIF,,304,CAGGPGKVIF
129.0,CAGRYVKVIF,,201.0,CAGPRLKVIF,,302,CAGVLSKSIF
129.0,CAGRHPKVIF,,196.0,CAGGIIKVIF,,302,CAGACIKAIF
128.0,CAGRRRKSIF,,193.0,CAGIPTKLIF,,297,CAGLERKIIF
126.0,CAGIHPKGIF,,191.0,CAGGGVKLIF,,296,CAGRSRKSIF
124.0,CAGAIGKRIF,,188.0,CAGVQAKVIF,,295,CAGSARKAIF
123.0,,,188.0,CAGAWRKRIF,,293,CAGPPTKPIF
122.0,CAGPRMKLIF,,186.0,CAGVQGKLIF,,293,CAGALAKLIF
122.0,CAGRGSKTIF,,181.0,CAGGDDKTTF,,291,CAGPYVKVIF
120.0,CAGGVGKSIF,,178.0,CAGVWGKLIF,,291,CAGALPKIIF
117.0,CAGAQGKSIF,,176.0,CAGPNRKAIF,,291,CAGTSAKAIF
115.0,CAGVSRKRIF,,175.0,CAGTMPKLIF,,283,CAGRNLKRIF
115.0,CAGVYRKPIF,,170.0,CAGVPMKVIF,,275,CAGSPSKLIF
115.0,CAGGDEKTIF,,161.0,CAGPNAKVIF,,274,CAGRATKTIF
113.0,CAGRSIKVIF,,158.0,CAGAWVKGIF,,273,CAGTHIKGIF
111.0,CAGGDDKTIL,,156.0,CAGSYTKGIF,,269,CAGLKVKLIF
106.0,CAGGYGKRIF,,153.0,,,269,
103.0,CAGASAKVIF,,151.0,CAGLAAKTIF,,264,CAGRTRKPIF
101.0,CAGATSKVIF,,151.0,CAGRDRKIIF,,263,CAGVVAKTIF
101.0,CAGGDDKNSF,,150.0,CAGRITKVIF,,261,CAGRFGKTIF
101.0,CAGSRSKVIF,,149.0,CAGPCPKIIF,,261,CAGRAAKRIF
99.0,CAGTKIKAIF,,147.0,CAGVQIKRIF,,250,CAGVGRKVIF
99.0,CAGTPTKGIF,,147.0,CAGIGSKTIF,,250,CAGIRMKLIF
99.0,CAGTTGKAIF,,146.0,CAGRRRKIIF,,248,CAGLRPKSIF
96.0,CAGRGIKLIF,,146.0,CAGRLRKPIF,,247,CAGVSVKGIF
95.0,CAGLTLKIIF,,145.0,CAGATVKVIF,,247,CAGSESKTIF
95.0,CAGPNRKRIF,,145.0,CAGRLGKRIF,,245,
95.0,CAGIQVKGIF,,141.0,CAGLVGKVIF,,243,CAGVEAKIIF
95.0,CAGSVPKRIF,,139.0,CAGVTLKMIF,,242,CAGIRGKVIF
94.0,CAGIMSKVIF,,138.0,CAGGDEKTIF,,240,CAGPSAKPIF
93.0,CAGAQSKIIF,,137.0,CAGGKIKVIF,,239,CAGLQRKSIF
92.0,CAGPMLKIIF,,136.0,CAGLRGKGIF,,238,CAGRVTKSIF
92.0,CAGSLAKVIF,,136.0,CAGAKIKSIF,,238,CAGVCVKLIF
91.0,CAGVGVKGIF,,135.0,CAGAARKGIF,,237,CAGITRKGIF
91.0,CAGADRKLIF,,134.0,CAGPHRKVIF,,237,CAGTTRKVIF
91.0,,,134.0,CAGVRIKVIF,,236,CAGRCGKGIF
90.0,CAGRYTKIIF,,134.0,CAGGYRKVIF,,234,CAGPFAKGIF
89.0,CAGGDDKSTF,,133.0,CAGRVLKVIF,,233,CAGRERKSIF
87.0,CAGATTKAIF,,133.0,CAGRILKPIF,,231,CAGVYRKAIF
87.0,CAGGKVKIIF,,133.0,CAGISLKTIF,,231,CAGINPKGIF
87.0,CAGTTTKRIF,,132.0,CAGRGAKVIF,,230,CAGLVRKGIF
87.0,CAGRLLKLIF,,131.0,CAGLATKGIF,,226,CAGGEIKVIF
86.0,CAGPPGKIIF,,130.0,CAGTSRKGIF,,226,CAGMDGKGIF
86.0,CAGARTKVIF,,129.0,CAGLNSKPIF,,226,CAGSSVKLIF
85.0,CAGVSGKVIF,,129.0,CAGATVKVIF,,225,CAGRAIKTIF
85.0,CAGASIKVIF,,129.0,CAGMNVKVIF,,225,CAGVPTKLIF
85.0,CAGGDDKITL,,126.0,CAGPALKVIF,,224,CAGAVTKLIF
84.0,,,126.0,CAGGFAKTIF,,224,CAGIKAKSIF
84.0,CAGTATKGIF,,124.0,CAGRGPKTIF,,223,CAGTRGKRIF
82.0,CAGRSVKRIF,,124.0,CAGGFRKSIF,,222,CAGSVVKRIF
81.0,CAGPDVKGIF,,123.0,CAGSSAKTIF,,221,CAGTSPKVIF
81.0,CAGRCLKLIF,,121.0,CAGGVSKAIF,,220,CAGVCVKSIF
81.0,CAGILVKSIF,,121.0,CAGGDDKTIL,,219,CAGPGRKGIF
80.0,CAGLSVKMIF,,120.0,CAGMLPKVIF,,219,CAGARGKVIF
80.0,CAGLDAKGIF,,119.0,CAGLVRKVIF,,218,CAGRFLKGIF
80.0,CAGPHVKRIF,,119.0,CAGLVIKTIF,,217,CAGVEPKVIF
80.0,CAGPGSKVIF,,119.0,CAGIHLKAIF,,216,CAGRVSKRIF
79.0,CAGVRTKIIF,,118.0,CAGRAAKLIF,,216,CAGTFGKRIF
79.0,CAGAHLKVIF,,118.0,CAGSCSKVIF,,215,CAGMLRKRIF
79.0,CAGMHRKIIF,,117.0,CAGPLPKVIF,,213,CAGREVKIIF
78.0,CAGRFLKLIF,,115.0,CAGLHPKSIF,,211,CAGLSAKGIF
76.0,CAGGDDKTSF,,115.0,CAGVDDKTIF,,211,CAGRGRKRIF
75.0,CAGRSLKVIF,,115.0,CAGAALKVIF,,211,CAGVFAKTIF
75.0,CAGRQRKVIF,,115.0,CAGGDDKNIL,,210,CAGVLVKGIF
74.0,CAGRLLKGIF,,115.0,GAGGDDKTIF,,210,CAGTERKVIF
74.0,CAGVSRKVIF,,114.0,CAGTCLKVIF,,209,CAGLLRKGIF
74.0,CAGGEDKTIF,,112.0,CAGLLMKGIF,,209,CAGLLMKRIF
73.0,CAGRLAKGIF,,112.0,CAGTKGKAIF,,209,CAGVVLKRIF
73.0,CAGVERKAIF,,112.0,CAGRSSKVIF,,207,CAGRVGKGIF
73.0,CAGGDDKNTF,,109.0,CAGPPRKGIF,,206,CAGTVAKRIF
73.0,CAGICGKLIF,,109.0,CAGVYIKLIF,,204,CAGRSAKVIF
72.0,CAGGEDKNIF,,107.0,CAGVEVKVIF,,204,
71.0,CAGGDDKTNF,,107.0,CAGSLPKGIF,,204,CAGMRIKIIF
70.0,CAGLVVKRIF,,106.0,CAGRLLKIIF,,203,CAGSCVKAIF
69.0,CAGRTLKLIF,,106.0,CAGRTRKRIF,,202,CAGASLKTIF
69.0,CAGVIRKGIF,,105.0,CAGRSAKLIF,,199,CAGVRRKGIF
68.0,CAGRPTKRIF,,105.0,CAGMLGKAIF,,199,CAGVYVKRIF
68.0,CAGVSAKGIF,,104.0,CAGAEVKRIF,,199,CAGACAKVIF
67.0,CAGVRLKGIF,,99.0,CAGAAAKVIF,,198,CAGRLRKGIF
67.0,CAGAVGKVIF,,99.0,CAGMLPKVIF,,198,CAGVFAKPIF
67.0,CAGGDNKTIF,,98.0,CAGASTKGIF,,197,CAGACTKSIF
67.0,,,97.0,CAGPSRKRIF,,197,CAGGRTKSIF
66.0,CAGPSVKLIF,,97.0,CAGGEDKTIF,,195,CAGLGPKGIF
66.0,CAGGDEKITF,,97.0,CAGGIVKRIF,,194,CAGVTAKLIF
64.0,CAGLIPKVIF,,96.0,CAGSRIKAIF,,194,CAGVRRKRIF
62.0,CAGACRKTIF,,95.0,CAGGDDKNSF,,194,CAGIAGKLIF
61.0,CAGACTKSIF,,95.0,CAGIVPKVIF,,194,CAGSAGKTIF
61.0,CAGGHIKPIF,,95.0,CAGSGTKRIF,,193,CAGAVAKVIF
60.0,CAGALLKVIF,,93.0,CAGPKVKVIF,,193,CAGLNMKPIF
59.0,CAGGDDKTIF,,92.0,CAGVGRKIIF,,193,CAGRCLKVIF
58.0,CAGAFVKVIF,,92.0,CAGGERKGIF,,193,CAGASTKLIF
58.0,CAGMQVKRIF,,90.0,CAGGDDKSTF,,193,CAGSRPKTIF
58.0,CAGTRTKPIF,,89.0,CAGIFRKLIF,,193,CAGRFTKGIF
57.0,,,88.0,CAGAYGKRIF,,192,CAGRGAKIIF
57.0,,,88.0,CAGAFRKLIF,,192,CAGGWAKLIF
53.0,CAGLLPKIIF,,87.0,CAGGDDKTIF,,191,CAGPTAKTIF
53.0,CAGACGKIIF,,87.0,CAGGDDKNIF,,191,CAGRLLKGIF
53.0,CAGGDEKIIL,,86.0,CAGRYGKPIF,,191,CAGADGKLIF
53.0,CAGGEDKSIF,,86.0,CAGRVVKPIF,,191,CAGIRGKLIF
53.0,CAGTSRKIIF,,86.0,CAGMKAKIIF,,190,CAGPVIKGIF
52.0,CAGVFGKIIF,,84.0,CAGISRKMIF,,190,CAGRKRKVIF
52.0,CAGGDEKNIF,,82.0,CAGLLMKRIF,,190,CAGAFGKPIF
51.0,,,82.0,CAGGEDKSIF,,190,CAGIARKVIF
51.0,CAGGEPKIIF,,81.0,CAGTTTKRIF,,190,CAGSSVKRIF
50.0,CAGTFRKVIF,,80.0,CAGRFIKAIF,,190,CAGSCVKVIF
49.0,CAGLCVKLIF,,79.0,CAGLWAKGIF,,189,CAGRTGKVIF
49.0,CAGRAIKGIF,,79.0,CAGSVAKIIF,,189,CAGRRVKIIF
49.0,CAGVTAKRIF,,78.0,CAGPITKVIF,,189,CAGVVVKGIF
49.0,CAGSSPKGIF,,73.0,CAGLEIKPIF,,188,CAGVVRKRIF
48.0,CAGGGGKGIF,,72.0,CAGLFRKIIF,,188,CAGGRRKRIF
48.0,CAGSRAKLIF,,72.0,CAGRLRKSIF,,188,CAGGNRKVIF
47.0,CAGVGVKVIF,,72.0,CAGREPKLIF,,187,CAGPIRKRIF
46.0,CAGLRTKTIF,,72.0,CAGMVRKIIF,,187,CAGIVVKVIF
46.0,CAGVRAKVIF,,72.0,CAGSVRKAIF,,186,CAGRFRKVIF
46.0,CAGGDEKSIF,,71.0,CAGVCIKGIF,,186,CAGRWIKAIF
46.0,CAGGDDKTIF,,70.0,CAGVSVKRIF,,185,CAGVRSKSIF
46.0,CAGGIDKIIF,,70.0,CAGGDDKSIF,,184,CAGPVRKRIF
45.0,CAGIKVKGIF,,70.0,CAGIAVKGIF,,184,CAGSVRKRIF
44.0,CAGPNPKLIF,,69.0,CAGTNLKVIF,,184,CAGSDRKTIF
44.0,CAGADLKVIF,,68.0,CAGSYRKGIF,,184,CAGSIAKRIF
44.0,CAGGEDKTIF,,66.0,CAGLARKIIF,,183,CAGGVPKVIF
44.0,CAGIQRKAIF,,66.0,WAGGDEKIIF,,183,CAGIGVKVIF
42.0,CAGLVVKLIF,,65.0,CAGLNRKLIF,,182,CAGRVVKAIF
42.0,CAGGEDKITF,,64.0,CAGRGRKAIF,,182,CAGARPKIIF
41.0,CAGRGSKRIF,,64.0,CAGVHIKAIF,,182,CAGIETKVIF
41.0,CAGGDDKSSF,,64.0,,,182,CAGSGRKGIF
41.0,CAGGEDKNIF,,64.0,CAGRSGKAIF,,181,CAGVRRKVIF
40.0,CAGVEGKRIF,,63.0,CAGGDDKTIF,,181,CAGMPSKVIF
40.0,CAGGNDKTIF,,63.0,CAGGEDKIIL,,181,CAGMVRKVIF
40.0,CAGMNTKGIF,,63.0,CAGIPVKIIF,,181,CAGMGAKSIF
40.0,CAGSVLKRIF,,63.0,CAGIRPKVIF,,180,CAGRRSKRIF
40.0,CAGSSIKLIF,,61.0,CAGLDSKVIF,,180,CAGRVVKGIF
38.0,CAGVTMKRIF,,61.0,CAGLCRKLIF,,180,CAGIEPKIIF
38.0,CAGILSKVIF,,61.0,,,180,CAGIYLKGIF
37.0,CAGRSRKLIF,,61.0,CAGAVTKIIF,,180,CAGSALKVIF
37.0,CAGGGRKLIF,,61.0,CAGGDDKTNF,,180,CAGRLRKVIF
37.0,CAGILGKVIF,,60.0,CAGRAIKAIF,,179,CAGRERKRIF
37.0,CAGTMVKLIF,,59.0,CAGILVKVIF,,179,CAGRKGKVIF
37.0,CAGTHMKLIF,,58.0,CAGLDVKVIF,,179,CAGRTTKTIF
37.0,CAGSIPKVIF,,58.0,CAGVRRKRIF,,179,CAGRTRKVIF
36.0,CAGGDDKTIF,,58.0,CAGAIVKLIF,,178,CAGPDVKRIF
36.0,,,57.0,CAGLWVKLIF,,178,CAGVQAKRIF
35.0,CAGGDEKINF,,57.0,CAGGDAKTIF,,178,CAGTRTKVIF
35.0,CAGGNDKIIF,,56.0,CAGGEDKTIF,,178,CAGSGPKVIF
35.0,CAGSFPKPIF,,56.0,CAGINGKLIF,,178,CAGRGMKVIF
34.0,CAGRLRKSIF,,56.0,CAGTTVKVIF,,177,CAGRRAKMIF
34.0,CAGVSLKIIF,,55.0,CAGRQIKLIF,,177,CAGGGLKLIF
34.0,CAGGDDKAIF,,55.0,CAGAEIKIIF,,176,CAGRDRKLIF
34.0,CAGSGLKLIF,,54.0,CAGTLVKPIF,,176,CAGVTRKAIF
33.0,CAGRVRKVIF,,53.0,CAGGDEKNIF,,176,CAGGVRKLIF
33.0,CAGIVVKPIF,,52.0,CAGPRRKLIF,,176,CAGTQGKVIF
32.0,CAGGDDKTIF,,52.0,CAGRGLKRIF,,176,CAGSRAKRIF
32.0,CAGMYGKIIF,,52.0,CAGGEEKIIF,,175,CAGRHRKRIF
32.0,CAGTVAKSIF,,51.0,CAGPLIKGIF,,174,CAGRTRKRIF
31.0,CAGGDDKTIF,,51.0,CAGRPRKVIF,,174,CAGRGVKTIF
30.0,CAGGDDKSIF,,51.0,CAGACRKSIF,,173,CAGLATKIIF
30.0,CAGGCGKIIF,,51.0,,,173,CAGPKAKRIF
29.0,CAGGDDKNIF,,51.0,CAGTDIKIIF,,173,CAGVAVKMIF
29.0,CAGVPLKTIF,,50.0,CAGVESKVIF,,173,CAGVLVKPIF
29.0,CAGATRKLIF,,50.0,CAGGEDKITF,,173,CAGTIPKGIF
29.0,CAGGDDKSIL,,50.0,CAGGCVKGIF,,172,CAGRCLKLIF
29.0,CAGGNDKNIF,,49.0,CAGPGAKVIF,,172,CAGTFAKVIF
28.0,CAGGDDKSNF,,49.0,CAGRWTKGIF,,172,CAGTWRKLIF
28.0,CAGGEDKSIF,,48.0,,,172,CAGTLRKGIF
26.0,CAGPVRKVIF,,45.0,CAGVQRKLIF,,171,CAGRVVKVIF
26.0,CAGGDDKINF,,45.0,CAGGDDKTSF,,171,CAGGDTKGIF
26.0,CAGGEDKISF,,45.0,CAGSTSKIIF,,171,CAGMRRKVIF
25.0,,,44.0,CAGLPTKVIF,,171,CAGSGRKLIF
25.0,CAGAGAKLIF,,44.0,CAGPTLKLIF,,170,CAGRQSKVIF
25.0,CAGAGRKVIF,,44.0,CAGGNDKTIF,,170,CAGRGGKVIF
25.0,CAGGENKIIF,,43.0,,,170,CAGVTTKIIF
25.0,CAGGDDKTIF,,42.0,CAAGDDKITF,,170,CAGVQGKAIF
25.0,RAGGDDKTIF,,42.0,CAGGDDKTIF,,170,CAGRIGKVIF
24.0,CAGRPAKRIF,,42.0,CAGTLAKRIF,,169,CAGLGAKIIF
24.0,CAGIFRKTIF,,40.0,CAGLTIKRIF,,169,CAGRLRKRIF
24.0,CAGIRRKTIF,,40.0,CAGRLRKRIF,,169,CAGAYVKAIF
23.0,CAGGDEKIIF,,40.0,CAGVDEKIIF,,169,CAGILGKAIF
23.0,CAGTSPKAIF,,40.0,CAGGDEKSIF,,169,CAGTLVKRIF
22.0,CAGGDDKSIF,,40.0,CAGGDNKIIL,,168,CAGASIKGIF
22.0,CAGGDDKIIL,,40.0,CAGGEDKISF,,168,CAGTRGKRIF
22.0,CAGGNEKIIF,,39.0,CAGVPPKVIF,,168,CAGSFAKRIF
22.0,CAGITGKVIF,,39.0,CAGGDEKIIF,,168,CAGRWGKLIF
21.0,CAGGEEKIIF,,39.0,CAGICVKLIF,,168,CAGRVVKRIF
21.0,CAGGNDKSIF,,38.0,CAGGDDNTIF,,167,CAGPTVKVIF
21.0,CAGTYLKIIF,,38.0,CAGGENKIIF,,167,CAGRKVKRIF
20.0,,,38.0,CAGGLTKIIF,,166,CAGAPTKPIF
20.0,CAGGDAKITF,,37.0,CAGGDNKSIF,,166,CAGGEAKVIF
20.0,CAGINRKSIF,,36.0,CAGPTAKMIF,,165,CAGLSAKGIF
19.0,CAGVHAKVIF,,36.0,CAGVTIKIIF,,165,CAGANVKGIF
19.0,CAGGDDKITL,,35.0,,,165,CAGRRVKGIF
19.0,CAGGDDKSIC,,34.0,CAGRHVKRIF,,164,CAGACGKLIF
19.0,CAGGAGKGIF,,34.0,CAGGEDKNIF,,164,CAGGTRKGIF
18.0,CAGLLAKVIF,,33.0,CAGPFTKLIF,,164,CAGTRGKIIF
18.0,CAGLCIKVIF,,33.0,CAGGDEKINF,,164,CAGSWAKLIF
16.0,CAGRPIKVIF,,33.0,CAGSRRKVIF,,164,CAGRWGKTIF
16.0,CAGVGRKIIF,,33.0,CAGGDDKIIL,,163,CAGVLTKGIF
16.0,CAGGEDKIIC,,32.0,CAGRQTKVIF,,163,CAGALRKLIF
16.0,CAGGDEKIIF,,32.0,CAGVIIKGIF,,162,CAGAKSKVIF
15.0,CAGGVDKIIF,,32.0,CAGTYVKLIF,,162,CAGGVTKVIF
15.0,CAGTHTKSIF,,31.0,CAGGDDKITF,,162,CAGRLTKGIF
15.0,CAGGDEKIIF,,31.0,CAGGKDKIIF,,161,CAGLVAKTIF
14.0,CAGVDLKIIF,,30.0,CAGLYVKRIF,,161,CAGLAAKLIF
14.0,CAGASVKSIF,,30.0,CAGRRVKVIF,,161,CAGRFAKGIF
13.0,CAGRLTKIIF,,29.0,CAGGDDKTIS,,161,CAGRDVKRIF
13.0,CAGGDEKIIF,,29.0,CAGGNDKSIF,,161,CAGVYPKGIF
12.0,CAGPRAKGIF,,28.0,CAGVTVKSIF,,161,CAGGLTKIIF
12.0,CAGGTDKTIF,,28.0,CAGGDDKINL,,161,CAGTVTKGIF
12.0,CAGGKDKIIF,,28.0,CAGGFVKRIF,,160,CAGVVIKRIF
12.0,CAGISVKGIF,,28.0,SAGGDDKTIF,,160,CAGVITKRIF
11.0,CAGAYDKIIF,,27.0,CAGLFTKIIF,,160,CAGTLGKTIF
10.0,CAGGNDKINF,,27.0,CAGRPTKLIF,,160,CAGSFLKVIF
10.0,CAGGNDKIIF,,27.0,CAGRITKLIF,,159,CAGPEMKIIF
10.0,CAGTIVKAIF,,27.0,CAGGEDKSIF,,159,CAGALRKLIF
9.0,CAGRHPKAIF,,27.0,CAGGNEKIIF,,159,CAGGMAKIIF
9.0,,,27.0,CAGGDDKIIL,,158,CAGRELKSIF
9.0,CAGGDAKISF,,26.0,CAGGDDKISF,,158,CAGRDVKGIF
9.0,CAGGNAKIIF,,26.0,CAGVLIKGIF,,158,CAGGATKGIF
9.0,CAGIEGKSIF,,26.0,CAGGDIKTIF,,158,CAGGKRKAIF
9.0,CAGTSAKGIF,,26.0,CAGGEDKIIL,,158,CAGTPGKIIF
9.0,CAGSHTKVIF,,26.0,CAGGNDKNIF,,158,CAGRSTKPIF
8.0,CAGVRGKLIF,,25.0,CAGRRMKLIF,,157,CAGRSGKPIF
8.0,CAGVHTKSIF,,25.0,CAGGDDKLIL,,157,CAGVRAKPIF
8.0,CAGGPDKIIF,,25.0,CAGGDDKHIF,,157,CAGGDEKTIF
8.0,CAGRLLKPIF,,25.0,CAGGDDKIIF,,157,CAGGIRKGIF
7.0,CAGLTPKIIF,,25.0,CAGGNDKITF,,157,CAGMCAKLIF
7.0,CAGVDDKVIF,,25.0,CAGGNNKIIF,,157,CAGSGLKRIF
7.0,CAGGDDKTNL,,24.0,CAGLFRKVIF,,156,CAGVLRKGIF
7.0,CAGRPLKLIF,,24.0,CAGARVKVIF,,156,CAGSGGKVIF
6.0,CAGPMLKITF,,24.0,CAGAQIKGIF,,155,CAGLRAKIIF
6.0,CAGRGRKTIF,,24.0,CAGGDDKNIC,,155,CAGPRVKGIF
6.0,CAGVYRKPTF,,23.0,CAGRTLKLIF,,155,CAGRVMKSIF
6.0,CAGAKDKIIF,,23.0,CAGVHDKIIF,,155,CAGVLVKVIF
6.0,CAGAIGKRIF,,22.0,CAGGDNKIIF,,155,CAGGHVKLIF
6.0,CAGGNDKIIC,,22.0,CAGGEDKIIF,,155,CAGGGVKGIF
6.0,CAGIHVKLIF,,21.0,CAGPFPKGIF,,154,CAGLSTKVIF
6.0,CAGSHNKVIF,,21.0,CAGRVVKIIF,,154,CAGVGLKRIF
5.0,CAGCYDKIIF,,21.0,CAGAPMKVIF,,154,CAGAFIKLIF
5.0,CAGLTLKIIF,,21.0,CAGGDDKITL,,154,CAGAVGKIIF
5.0,CAGRGSKTTF,,20.0,CAGANDKIIF,,154,CAGSYSKTIF
5.0,CAGRGIKPIF,,20.0,CAGGNDKIIL,,153,CAGPCTKVIF
5.0,CAGVYRKLIF,,20.0,CAGILSKIIF,,153,
5.0,CAGADTKVTF,,20.0,RAGGDDKNIF,,153,CAGRRRKIIF
5.0,CAGAQEKSIF,,19.0,CAGVIVKAIF,,153,CAGRCIKTIF
5.0,CAGTAKKGIF,,19.0,CAGVGVKLIF,,153,CAGVPGKRIF
5.0,,,19.0,CAGASIKGIF,,153,CAGVEAKVIF
5.0,CAGRLQKLIF,,19.0,,,153,CAGAIAKVIF
4.0,,,18.0,CAGLRSKIIF,,153,CAGARRKVIF
4.0,CAGFDLKPIF,,17.0,CAGPGVKIIF,,152,CAGLVRKGIF
4.0,CAGLSGKVIF,,17.0,CAGRLTKSIF,,152,CAGRSGKGIF
4.0,CAGLTHKIIF,,17.0,CAGGDEKIIF,,152,CAGRRTKTIF
4.0,CAGLPAKIIL,,16.0,CAGGDDRITF,,152,CAGVWGKPIF
4.0,CAGLPAKTIF,,16.0,CAGGDDKIIS,,152,CAGATLKLIF
4.0,CAGRYAKVIF,,16.0,CAGGDDKSIF,,152,CAGTSRKRIF
4.0,CAGRLEKGIF,,16.0,CAGGEDKIIF,,152,CAGRSMKRIF
4.0,CAGVCLKVIF,,15.0,CAGGDDRIIF,,151,CAGLVRKIIF
4.0,CAGARGRAIF,,15.0,CAGAYDKIIF,,151,CAGLWRKGIF
4.0,CAGAMSKLTF,,15.0,CAGMSIKVIF,,151,CAGLYPKTIF
4.0,CAGAMSKPIF,,14.0,CAGRVRKMIF,,151,CAGLRLKPIF
4.0,CAGIQVKEIF,,14.0,CAGGEAKIIF,,151,CAGRDLKVIF
4.0,,,13.0,CAGPFPKVIF,,151,CAGRRAKRIF
4.0,CAGSAMKIIL,,13.0,,,151,CAGGLVKRIF
4.0,CAGRSLKLIF,,13.0,CAGAGKKGIF,,151,CAGIWSKAIF
3.0,CAGLTLKNIF,,13.0,CAGGDGKIIF,,151,CAGSGSKGIF
3.0,CAGLVDKLIF,,13.0,CAGGNDKIIF,,150,CAGVAIKIIF
3.0,CAGLVDKRIF,,12.0,CAGAGTKVIF,,150,CAGVSRKAIF
3.0,CAGPTTKGIF,,12.0,CAGGAQKGIF,,150,CAGGVRKLIF
3.0,CAGVGEKGIF,,12.0,CAGGYAKIIF,,149,CAGPLTKLIF
3.0,CAGVGVKVIL,,12.0,CAGGHHKIIF,,149,CAGGGRKIIF
3.0,CAGAVGKVIF,,12.0,CAGGDDKIVV,,149,CAGSLGKVIF
3.0,CAGADSKGIL,,12.0,CAGGDDKLIF,,148,CAGLRPKIIF
3.0,CAGADRKGIF,,12.0,CAGGNDKINF,,148,CAGLHRKVIF
3.0,CAGALQKVIF,,12.0,CAGILSKGIF,,148,CAGRSVKAIF
3.0,CAGAHLKAIF,,12.0,CAGVDDKIIF,,148,CAGRIAKTIF
3.0,CAGADRKLIL,,11.0,CAGGNAKIIF,,148,CAGRYAKRIF
3.0,CAGAIGKGIF,,11.0,CAGGDDKIIF,,148,CAGVPAKGIF
3.0,CAGGYAKSIF,,11.0,CAGGIKKVIF,,148,CAGGDTKRIF
3.0,CAGGLDKIIF,,11.0,CAGSPAKTIF,,148,CAGMCVKGIF
3.0,CAGGDEKSTF,,10.0,CAGGDDKFIF,,148,CAGMASKSIF
3.0,CAGGNEKSIF,,10.0,CAGVGTKAIF,,147,CAGLLSKVIF
3.0,CAGKSRKIIF,,10.0,CAGGNDKLIF,,147,CAGVSMKTIF
2.0,CAGFEGKRIF,,10.0,CAGIPLKTIF,,147,CAGVLAKLIF
2.0,CAGRLLKGIL,,9.0,CAGLGQKRIF,,147,CAGATAKLIF
2.0,CAGVSLKGIF,,9.0,CAGLALKLIF,,147,CAGIIRKIIF
2.0,,,9.0,,,147,CAGSVTKRIF
2.0,CAGAQEKSIF,,9.0,CAGVALKTIF,,146,CAGPLTKVIF
2.0,,,9.0,CAGVFMKIIF,,146,CAGPIGKLIF
2.0,CAGGDGKISF,,9.0,CAGAEEKVIF,,146,CAGPCVKSIF
2.0,CAGGKEKIIF,,9.0,CAGGGDKIIF,,146,CAGRAVKGIF
2.0,CAGGAIKGIF,,9.0,CAGGDDKINC,,146,CAGRSPKMIF
2.0,CAGIFRKTTF,,9.0,CAGISHKTIF,,146,CAGARRKTIF
2.0,CAGIFKKTIF,,9.0,CAGTMQKLIF,,146,CAGIGGKGIF
2.0,CAGMQEKRIF,,9.0,CAGRPSKVIF,,145,CAGPLVKVIF
2.0,CAGIQSKVIF,,8.0,CAGLGLKRIF,,145,CAGPSLKPIF
2.0,CAGTYAKVIF,,8.0,CAGPCPKTIF,,145,CAGAQRKAIF
2.0,CAGTHMKPIF,,8.0,CAGPNRKLIF,,144,CAGPSLKVIF
2.0,CAGRQVKRIF,,8.0,CAGVKSKAIF,,144,CAGPVAKLIF
1.0,,,8.0,CAGARPKAIF,,144,CAGRGGKSIF
1.0,CAGVDLKIIF,,8.0,CAGAWRKKIF,,144,CAGRGLKGIF
1.0,,,8.0,CAGAGTKIIF,,144,CAGGLTKTIF
1.0,CAGVGVKGIL,,8.0,,,144,CAGGLRKRIF
1.0,CAGASVKGIF,,8.0,CAGGHHKTIF,,144,CAGIRLKVIF
1.0,CAGAQGKSTL,,8.0,CAGGNDRIIF,,144,CAGIVRKRIF
1.0,RAGVGRKIIF,,8.0,CAGTMPKPIF,,143,CAGLVPKLIF
,,,7.0,CAGLGPKTTF,,143,CAGLGVKVIF
,,,7.0,CAGPFHKGIF,,143,CAGRVTKIIF
,,,7.0,CAGPNSKPIF,,143,CAGVVRKGIF
,,,7.0,CAGVPVKRIF,,143,CAGSMGKVIF
,,,7.0,CAGVDDKTIL,,142,CAGLRSKGIF
,,,7.0,CAGAIEKIIF,,142,CAGRILKRIF
,,,7.0,CAGGALKGIF,,142,CAGGSGKSIF
,,,7.0,CAGGDKKTIF,,142,CAGTTAKLIF
,,,7.0,CAGGEDKIVF,,142,CAGSATKLIF
,,,7.0,CAGGGVKPIF,,141,CAGLRGKGIF
,,,7.0,CAGMRAKGTF,,141,CAGRSRKGIF
,,,7.0,CAGSETKAIF,,140,CAGPFPKRIF
,,,6.0,CAGPHAKVIF,,140,CAGRFLKPIF
,,,6.0,CAGPQRKVIF,,140,CAGRMTKVIF
,,,6.0,CAGPFLKGIF,,140,CAGADTKGIF
,,,6.0,CAGRLLKVIF,,140,CAGAMAKIIF
,,,6.0,CAGVSRKPIF,,140,CAGGGRKTIF
,,,6.0,CAGVQEKVIF,,140,CAGMQGKGIF
,,,6.0,CAGVVLKPIF,,140,CAGRASKGIF
,,,6.0,CAGAIAKTIF,,139,CAGLALKIIF
,,,6.0,CAGACGKVIF,,139,CAGLSVKVIF
,,,6.0,,,139,CAGPVGKIIF
,,,6.0,CAGGYRKRIL,,139,CAGPSGKRIF
,,,6.0,CAGGGEKLIF,,139,CAGRAGKVIF
,,,6.0,CAGGTIKVIF,,139,CAGRETKVIF
,,,6.0,CAGSLQKGIF,,139,CAGRLLKVIF
,,,6.0,CAGSAAKIIF,,139,CAGVDIKVIF
,,,5.0,CAGFQIKRIF,,139,CAGTGTKVIF
,,,5.0,CAGPPIKGIF,,139,CAGTVTKIIF
,,,5.0,CAGAKAKIIF,,139,CAGSPAKLIF
,,,5.0,CAGATAKVIF,,139,CAGRVRKMIF
,,,5.0,CAGAKDKIIF,,138,CAGLSRKLIF
,,,5.0,CAGAENKIIF,,138,CAGPCPKIIF
,,,5.0,CAGGPIKVIF,,138,CAGPEPKLIF
,,,5.0,CAGGALKGTF,,138,CAGVRIKRIF
,,,5.0,CAGGDKKIIF,,138,CAGVYPKTIF
,,,5.0,CAGGSRKRIF,,138,CAGADGKPIF
,,,5.0,CAGGYRKRIF,,138,CAGAEPKRIF
,,,5.0,,,138,CAGAIRKAIF
,,,5.0,CAGIESKTIF,,138,CAGILTKSIF
,,,5.0,CAGIFRKMIF,,138,CAGSIGKVIF
,,,5.0,CAGITPKQIF,,137,CAGPFAKRIF
,,,5.0,CAGIHLKAIF,,137,CAGPLGKLIF
,,,5.0,CAGTTHKVIF,,137,CAGRNVKSIF
,,,5.0,CAGSEPKTIF,,137,CAGVDAKAIF
,,,4.0,CAGLRTEVIF,,137,CAGAVTKIIF
,,,4.0,CAGLQMKGIF,,137,
,,,4.0,CAGLAAKTIF,,137,CAGTATKIIF
,,,4.0,CAGPLLKAIF,,137,CAGSFAKPIF
,,,4.0,CAGPCLKVIF,,137,CAGSATKVIF
,,,4.0,CAGRLRKPIF,,136,CAGLEAKRIF
,,,4.0,CAGRDVKGIF,,136,CAGAVAKRIF
,,,4.0,CAGVQAKAIF,,136,CAGAVIKVIF
,,,4.0,CAGVQIKRIL,,136,CAGASPKSIF
,,,4.0,CAGVQIKRTF,,136,CAGSGAKLIF
,,,4.0,CAGVTLKMIF,,136,CAGSVTKVIF
,,,4.0,CAGVTLKMTF,,136,CAGRIRKLIF
,,,4.0,CAGVPMKVTF,,135,CAGLYAKLIF
,,,4.0,CAGVQGKPIF,,135,CAGVFLKTIF
,,,4.0,CAGAVPKIIF,,135,CAGARRKAIF
,,,4.0,CAGAVTKTIF,,135,CAGADMKGIF
,,,4.0,CAGAWVKGIF,,135,CAGIDRKRIF
,,,4.0,CAGAWRKRIF,,135,CAGMFVKLIF
,,,4.0,CAGGTIKVTF,,135,CAGRKGKAIF
,,,4.0,CAGGTIKAIF,,134,CAGRVTKRIF
,,,4.0,CAGGKIKAIF,,134,
,,,4.0,CAGGKNKVIF,,134,CAGVSAKGIF
,,,4.0,CAGGKEKIIF,,134,CAGAVPKVIF
,,,4.0,CAGIGSKTTF,,134,CAGGDDKSTF
,,,4.0,CAGISLKTIL,,134,CAGTPSKIIF
,,,4.0,CAGIPTKLTF,,134,CAGRDLKGIF
,,,4.0,CAGMNVKAIF,,133,CAGLSAKSIF
,,,4.0,CAGMKAKTIF,,133,CAGRITKIIF
,,,4.0,CAGIVRKRIF,,133,CAGRMTKLIF
,,,4.0,CAGTLLKLIF,,133,CAGRGSKIIF
,,,4.0,CAGTMPKLIL,,133,CAGVPVKRIF
,,,4.0,CAGSSAKPIF,,133,CAGVIAKRIF
,,,4.0,CAGSETKTIF,,133,CAGVLPKPIF
,,,3.0,CAGLVIKTIL,,133,CAGTEAKVIF
,,,3.0,CAGLDAKVIF,,132,CAGSLAKTIF
,,,3.0,CAGPNAKVIL,,132,CAGPSRKVIF
,,,3.0,CAGRVVKPTF,,132,CAGPCIKVIF
,,,3.0,CAGRGTKGIF,,132,CAGPVRKIIF
,,,3.0,CAGRVLKGIF,,132,CAGRDVKGIF
,,,3.0,CAGVQIRRIF,,132,CAGVLRKIIF
,,,3.0,CAGVHHKTIF,,132,CAGAYGKGIF
,,,3.0,CAGVQEKVIF,,132,CAGGQVKRIF
,,,3.0,CAGVEVKGIF,,132,CAGGDDKNSF
,,,3.0,CAGATVEVIF,,132,CAGGKVKVIF
,,,3.0,CAGATVKVTF,,132,CAGIPGKVIF
,,,3.0,CAGGYRKVTF,,132,CAGISRKVIF
,,,3.0,CAGGVGKAIF,,132,CAGRWAKSIF
,,,3.0,CAGGKIKVIL,,131,CAGLLPKVIF
,,,3.0,CAGGDEKITF,,131,CAGPTVKVIF
,,,3.0,CAGGEEKIIF,,131,CAGRSRKRIF
,,,3.0,CAGIRQKVIF,,131,CAGRPSKTIF
,,,3.0,CAGTCLKVIF,,131,CAGVAAKPIF
,,,3.0,CAGSVAKTIF,,131,
,,,3.0,CAGSVRKAIL,,131,CAGAMPKLIF
,,,3.0,CAGSTSKTIF,,130,CAGLSSKGIF
,,,3.0,CAGRLGKRIF,,130,CAGLLRKVIF
,,,3.0,SAGGDDKTIL,,130,CAGRVGKVIF
,,,2.0,CAGLYEKRIF,,130,CAGVTGKIIF
,,,2.0,CAGLARKIIS,,130,CAGMVGKSIF
,,,2.0,CAGLARKIIF,,129,CAGRCPKVIF
,,,2.0,CAGPYHKGIF,,129,CAGVDDKTIF
,,,2.0,CAGRFIKAVF,,129,CAGAGVKVIF
,,,2.0,CAGRRAKVIF,,129,CAGTCRKVIF
,,,2.0,CAGRDMKVIF,,128,CAGRPIKGIF
,,,2.0,CAGVGEKLIF,,128,CAGGCLKGIF
,,,2.0,CAGAHAKVIF,,128,CAGIDTKAIF
,,,2.0,CAGAKEKIIF,,127,CAGLVAKMIF
,,,2.0,CAGAGTKAIF,,127,CAGPAGKAIF
,,,2.0,CAGGHKKIIF,,127,CAGPDGKIIF
,,,2.0,CAGIYRKGIF,,127,CAGPRTKVIF
,,,2.0,CAGIKGKLIF,,127,CAGRPSKVIF
,,,2.0,CAGTTVKIIF,,127,CAGRASKVIF
,,,2.0,CAGSCRKGIF,,127,CAGVYLKLIF
,,,2.0,CAGMNEKVIF,,127,CAGVPVKLIF
,,,2.0,CASREPKLIF,,127,CAGGDDKTIL
,,,1.0,,,127,CAGIDLKPIF
,,,1.0,,,126,CAGLRAKGIF
,,,,,,126,CAGLVLKTIF
,,,,,,126,CAGLLRKPIF
,,,,,,126,CAGPSIKRIF
,,,,,,126,CAGVRTKRIF
,,,,,,126,CAGAVTKVIF
,,,,,,126,CAGGYRKRIF
,,,,,,126,CAGTLSKVIF
,,,,,,125,CAGLTSKTIF
,,,,,,125,CAGRLRKVIF
,,,,,,125,CAGRISKMIF
,,,,,,125,CAGRVIKRIF
,,,,,,125,CAGVGVKVIF
,,,,,,125,CAGVMGKVIF
,,,,,,125,CAGAMVKGIF
,,,,,,125,CAGMLRKVIF
,,,,,,125,CAGTYVKPIF
,,,,,,125,CAGSHSKLIF
,,,,,,125,CAGRVSKGIF
,,,,,,124,CAGPCRKVIF
,,,,,,124,CAGPRTKRIF
,,,,,,124,CAGVLIKRIF
,,,,,,124,CAGALSKSIF
,,,,,,124,CAGGVGKRIF
,,,,,,124,CAGGVPKGIF
,,,,,,123,CAGPQRKTIF
,,,,,,123,CAGPGSKLIF
,,,,,,123,CAGRVTKRIF
,,,,,,123,CAGADMKVIF
,,,,,,123,CAGAGPKRIF
,,,,,,123,CAGGTTKIIF
,,,,,,123,CAGGFTKVIF
,,,,,,123,CAGMVVKGIF
,,,,,,123,CAGTARKLIF
,,,,,,122,CAGPDRKVIF
,,,,,,122,CAGPGRKTIF
,,,,,,122,CAGRRGKGIF
,,,,,,122,CAGRIAKLIF
,,,,,,122,CAGRSGKSIF
,,,,,,122,CAGVLLKLIF
,,,,,,122,CAGAALKVIF
,,,,,,122,CAGGVAKRIF
,,,,,,122,CAGTEIKVIF
,,,,,,121,CAGPVRKLIF
,,,,,,121,CAGPTIKLIF
,,,,,,121,CAGPKPKVIF
,,,,,,121,CAGRGVKVIF
,,,,,,121,CAGREVKGIF
,,,,,,121,CAGAHRKIIF
,,,,,,120,CAGLGRKVIF
,,,,,,120,CAGLYTKVIF
,,,,,,120,CAGLNVKGIF
,,,,,,120,CAGRRMKRIF
,,,,,,120,CAGAYRKVIF
,,,,,,120,CAGAGLKRIF
,,,,,,120,CAGGFSKVIF
,,,,,,120,CAGGFGKVIF
,,,,,,120,CAGGLPKSIF
,,,,,,120,CAGSPRKRIF
,,,,,,120,CAGRGGKVIF
,,,,,,119,CAGVDLKIIF
,,,,,,119,CAGVWLKLIF
,,,,,,119,CAGVGIKVIF
,,,,,,119,CAGIVVKVIF
,,,,,,119,CAGIGVKVIF
,,,,,,119,CAGSGSKGIF
,,,,,,119,CAGSVRKRIF
,,,,,,119,CAGSSTKRIF
,,,,,,118,CAGLFGKVIF
,,,,,,118,CAGRGGKTIF
,,,,,,118,CAGRNGKTIF
,,,,,,118,CAGVYAKSIF
,,,,,,118,CAGVLTKVIF
,,,,,,118,CAGALRKGIF
,,,,,,118,CAGASGKLIF
,,,,,,118,CAGANLKRIF
,,,,,,118,CAGAWSKIIF
,,,,,,118,CAGITTKVIF
,,,,,,118,CAGSVSKPIF
,,,,,,118,CAGSMMKIIF
,,,,,,118,CAGSSVKGIF
,,,,,,117,CAGLLSKLIF
,,,,,,117,CAGLLRKLIF
,,,,,,117,CAGPRLKMIF
,,,,,,117,
,,,,,,117,CAGRRSKGIF
,,,,,,117,CAGVARKLIF
,,,,,,117,CAGASVKTIF
,,,,,,117,CAGITVKAIF
,,,,,,117,CAGTTTKSIF
,,,,,,117,CAGSSMKRIF
,,,,,,116,CAGLVIKSIF
,,,,,,116,CAGPILKRIF
,,,,,,116,CAGPSIKGIF
,,,,,,116,CAGACPKLIF
,,,,,,116,CAGGNRKLIF
,,,,,,116,CAGTVTKGIF
,,,,,,115,CAGRDSKPIF
,,,,,,115,CAGMCGKLIF
,,,,,,115,CAGSSSKIIF
,,,,,,115,CAGRGAKIIF
,,,,,,114,CAGPRTKVIF
,,,,,,114,CAGPHGKVIF
,,,,,,114,CAGVKAKIIF
,,,,,,114,CAGVITKVIF
,,,,,,114,
,,,,,,114,CAGGYRKLIF
,,,,,,114,CAGIYAKRIF
,,,,,,114,CAGIVGKIIF
,,,,,,114,CAGTNAKGIF
,,,,,,114,CAGSNSKGIF
,,,,,,113,CAGRFRKIIF
,,,,,,113,CAGRRLKRIF
,,,,,,113,CAGSERKIIF
,,,,,,112,CAGLCRKVIF
,,,,,,112,CAGPLGKVIF
,,,,,,112,CAGRVAKPIF
,,,,,,112,CAGRAAKPIF
,,,,,,112,CAGVWGKVIF
,,,,,,112,CAGVQSKAIF
,,,,,,112,CAGVKSKRIF
,,,,,,112,CAGAYGKIIF
,,,,,,112,CAGATRKTIF
,,,,,,112,
,,,,,,112,CAGIFRKIIF
,,,,,,112,CAGIRGKRIF
,,,,,,112,CAGSARKLIF
,,,,,,111,CAGLVVKRIF
,,,,,,111,CAGLMGKIIF
,,,,,,111,CAGPDVKVIF
,,,,,,111,CAGPLPKGIF
,,,,,,111,CAGRLVKVIF
,,,,,,111,CAGRPGKGIF
,,,,,,111,CAGVVTKLIF
,,,,,,111,CAGIYVKPIF
,,,,,,111,CAGIARKGIF
,,,,,,111,CAGMNPKAIF
,,,,,,110,CAGLRRKVIF
,,,,,,110,CAGPQLKIIF
,,,,,,110,CAGRFGKVIF
,,,,,,110,CAGVTGKLIF
,,,,,,110,CAGAMGKRIF
,,,,,,110,CAGGARKLIF
,,,,,,110,CAGSAAKLIF
,,,,,,109,CAGLQLKVIF
,,,,,,109,CAGPSTKLIF
,,,,,,109,CAGRCAKVIF
,,,,,,109,CAGRIPKVIF
,,,,,,109,CAGVPAKPIF
,,,,,,109,CAGVMSKSIF
,,,,,,109,CAGMLRKLIF
,,,,,,109,CAGMSGKTIF
,,,,,,109,CAGTSVKVIF
,,,,,,109,CAGTRRKPIF
,,,,,,109,CAGTYTKLIF
,,,,,,109,CAGSSVKAIF
,,,,,,108,CAGLTLKRIF
,,,,,,108,CAGVWAKRIF
,,,,,,108,CAGVLTKIIF
,,,,,,108,CAGALVKVIF
,,,,,,108,CAGASPKGIF
,,,,,,108,
,,,,,,108,CAGGEDKTIF
,,,,,,108,CAGIGGKLIF
,,,,,,108,CAGIRLKAIF
,,,,,,108,CAGIEPKPIF
,,,,,,108,
,,,,,,108,CAGTIVKGIF
,,,,,,108,CAGTSAKGIF
,,,,,,108,CAGSGVKAIF
,,,,,,108,CAGRSGKGIF
,,,,,,107,CAGLAAKGIF
,,,,,,107,CAGLLSKLIF
,,,,,,107,CAGLFVKRIF
,,,,,,107,
,,,,,,107,CAGPPSKPIF
,,,,,,107,CAGPMVKLIF
,,,,,,107,CAGRLRKVIF
,,,,,,107,CAGRSLKGIF
,,,,,,107,CAGRDVKVIF
,,,,,,107,CAGVSVKVIF
,,,,,,107,CAGVKRKGIF
,,,,,,107,CAGGSGKVIF
,,,,,,107,CAGILPKGIF
,,,,,,107,CAGMAVKIIF
,,,,,,107,CAGMTTKRIF
,,,,,,107,CAGSRLKTIF
,,,,,,106,CAGLCRKIIF
,,,,,,106,CAGPHVKVIF
,,,,,,106,CAGRTIKRIF
,,,,,,106,CAGVYTKRIF
,,,,,,106,CAGVWSKAIF
,,,,,,106,CAGVGVKSIF
,,,,,,106,CAGGFMKIIF
,,,,,,106,CAGGERKLIF
,,,,,,106,CAGIYAKVIF
,,,,,,106,CAGIQLKGIF
,,,,,,106,CAGMSSKLIF
,,,,,,106,
,,,,,,106,CAGIFGKAIF
,,,,,,106,CAGRFLKVIF
,,,,,,105,CAGLRTKRIF
,,,,,,105,CAGRDGKIIF
,,,,,,105,CAGVLAKGIF
,,,,,,105,CAGGFRKVIF
,,,,,,104,CAGLHRKRIF
,,,,,,104,CAGLAGKGIF
,,,,,,104,CAGRLVKSIF
,,,,,,104,CAGRAAKGIF
,,,,,,104,CAGRSRKIIF
,,,,,,104,CAGVKAKMIF
,,,,,,104,CAGGSLKSIF
,,,,,,104,CAGGEIKAIF
,,,,,,104,CAGGYGKVIF
,,,,,,104,CAGIGRKMIF
,,,,,,104,CAGICTKGIF
,,,,,,104,CAGIGVKSIF
,,,,,,104,CAGSVRKPIF
,,,,,,103,CAGLIVKLIF
,,,,,,103,CAGPIVKAIF
,,,,,,103,CAGPPVKGIF
,,,,,,103,CAGPGSKRIF
,,,,,,103,CAGVAVKGIF
,,,,,,103,CAGVDRKLIF
,,,,,,103,CAGAVTKVIF
,,,,,,102,CAGPAIKAIF
,,,,,,102,
,,,,,,102,CAGRIRKLIF
,,,,,,102,CAGVSRKIIF
,,,,,,102,CAGAGAKIIF
,,,,,,102,CAGGRVKGIF
,,,,,,102,CAGTCRKLIF
,,,,,,102,
,,,,,,101,CAGLLAKGIF
,,,,,,101,CAGLLRKRIF
,,,,,,101,CAGPLPKPIF
,,,,,,101,CAGRMGKVIF
,,,,,,101,CAGRCVKGIF
,,,,,,101,CAGRYPKLIF
,,,,,,101,CAGVMGKSIF
,,,,,,101,CAGALSKVIF
,,,,,,101,CAGILVKSIF
,,,,,,101,CAGTSLKVIF
,,,,,,101,CAGTLSKVIF
,,,,,,100,CAGLRTKVIF
,,,,,,100,CAGLLRKLIF
,,,,,,100,CAGLHPKTIF
,,,,,,100,CAGVSVKVIF
,,,,,,100,CAGGFSKLIF
,,,,,,100,CAGGTLKRIF
,,,,,,100,CAGIWRKGIF
,,,,,,100,CAGMVAKGIF
,,,,,,100,CAGTRIKGIF
,,,,,,100,CAGSQVKTIF
,,,,,,100,YAGRVRKVIF
,,,,,,99,CAGPSTKRIF
,,,,,,99,CAGREPKVIF
,,,,,,99,CAGRNMKTIF
,,,,,,99,CAGIRMKVIF
,,,,,,99,CAGSIRKRIF
,,,,,,99,CAGSSGKPIF
,,,,,,98,CAGLGTKRIF
,,,,,,98,CAGPTTKVIF
,,,,,,98,CAGPPRKLIF
,,,,,,98,CAGPDVKIIF
,,,,,,98,CAGRVMKVIF
,,,,,,98,CAGREPKLIF
,,,,,,98,CAGAESKLIF
,,,,,,98,CAGGLVKVIF
,,,,,,98,CAGGLGKTIF
,,,,,,98,CAGGVTKGIF
,,,,,,98,CAGILRKAIF
,,,,,,98,CAGTVGKVIF
,,,,,,98,CAGSRRKLIF
,,,,,,97,CAGRLAKVIF
,,,,,,97,CAGVGLKTIF
,,,,,,97,CAGVLTKRIF
,,,,,,97,CAGVKRKAIF
,,,,,,97,CAGAVVKIIF
,,,,,,97,CAGATLKAIF
,,,,,,97,CAGGTPKGIF
,,,,,,97,CAGGERKLIF
,,,,,,97,CAGILRKPIF
,,,,,,97,CAGIPSKVIF
,,,,,,97,CAGTTRKRIF
,,,,,,97,CAGTLRKIIF
,,,,,,97,CAGSGPKIIF
,,,,,,96,CAGPLVKVIF
,,,,,,96,CAGRSTKRIF
,,,,,,96,CAGRCVKGIF
,,,,,,96,CAGVELKLIF
,,,,,,96,CAGAGVKPIF
,,,,,,96,CAGACTKGIF
,,,,,,96,CAGGLAKGIF
,,,,,,96,CAGIEPKVIF
,,,,,,96,CAGIEAKVIF
,,,,,,96,CAGIRVKGIF
,,,,,,95,CAGLSRKSIF
,,,,,,95,CAGLETKAIF
,,,,,,95,CAGLKRKRIF
,,,,,,95,CAGRRSKPIF
,,,,,,95,CAGREVKVIF
,,,,,,95,
,,,,,,95,CAGRFVKGIF
,,,,,,95,CAGRKTKIIF
,,,,,,95,CAGVRRKLIF
,,,,,,95,CAGVELKSIF
,,,,,,95,CAGVFGKTIF
,,,,,,95,CAGVLPKVIF
,,,,,,95,CAGAGAKTIF
,,,,,,95,
,,,,,,95,CAGGLTKRIF
,,,,,,95,CAGGSRKLIF
,,,,,,95,CAGGVPKMIF
,,,,,,95,CAGMRTKLIF
,,,,,,95,CAGTFVKVIF
,,,,,,95,CAGSRRKTIF
,,,,,,94,CAGLPPKSIF
,,,,,,94,
,,,,,,94,CAGPHLKPIF
,,,,,,94,CAGPGTKIIF
,,,,,,94,CAGPNGKRIF
,,,,,,94,CAGRTGKTIF
,,,,,,94,CAGRRPKRIF
,,,,,,94,CAGRCVKIIF
,,,,,,94,CAGAHVKGIF
,,,,,,94,CAGATLKAIF
,,,,,,94,CAGGDDKNIF
,,,,,,94,CAGIIAKVIF
,,,,,,94,CAGTSAKVIF
,,,,,,94,CAGTYMKSIF
,,,,,,94,CAGTGAKVIF
,,,,,,94,CAGSVTKAIF
,,,,,,93,CAGLTGKAIF
,,,,,,93,CAGPQMKPIF
,,,,,,93,CAGRRVKTIF
,,,,,,93,CAGRVLKLIF
,,,,,,93,CAGRIVKRIF
,,,,,,93,CAGVVLKVIF
,,,,,,93,CAGVCTKLIF
,,,,,,93,CAGAEAKRIF
,,,,,,93,CAGGVRKVIF
,,,,,,93,CAGGRLKLIF
,,,,,,93,CAGGGRKRIF
,,,,,,93,CAGGLTKIIF
,,,,,,93,CAGIPSKGIF
,,,,,,93,CAGISLKDIF
,,,,,,93,CAGTFSKRIF
,,,,,,93,CAGTGRKIIF
,,,,,,93,CAGSCLKTIF
,,,,,,93,CAGRATKLIF
,,,,,,93,CAGRRRKIIF
,,,,,,92,CAGLSTKRIF
,,,,,,92,CAGLIRKVIF
,,,,,,92,CAGPPVKLIF
,,,,,,92,CAGRRVKGIF
,,,,,,92,CAGRLVKRIF
,,,,,,92,CAGVGVKLIF
,,,,,,92,CAGAFGKVIF
,,,,,,92,CAGACLKLIF
,,,,,,92,CAGALLKGIF
,,,,,,92,CAGGNSKSIF
,,,,,,91,CAGLQRKGIF
,,,,,,91,CAGRSRKGIF
,,,,,,91,CAGRFVKIIF
,,,,,,91,CAGAQRKLIF
,,,,,,91,CAGATTKVIF
,,,,,,91,CAGATRKLIF
,,,,,,91,CAGTEVKIIF
,,,,,,91,CAGRRRKGIF
,,,,,,91,CAGRCPKAIF
,,,,,,90,CAGLFVKVIF
,,,,,,90,CAGPVGKVIF
,,,,,,90,CAGPSSKVIF
,,,,,,90,CAGPTGKGIF
,,,,,,90,CAGVDGKRIF
,,,,,,90,CAGVQAKLIF
,,,,,,90,CAGALMKGIF
,,,,,,90,CAGSHGKIIF
,,,,,,89,CAGLVTKGIF
,,,,,,89,CAGPQIKSIF
,,,,,,89,CAGPWLKIIF
,,,,,,89,CAGPLLKRIF
,,,,,,89,CAGRPPKLIF
,,,,,,89,CAGRRMKLIF
,,,,,,89,CAGALTKGIF
,,,,,,89,CAGGGVKGIF
,,,,,,89,CAGGIGKSIF
,,,,,,89,CAGGRGKSIF
,,,,,,89,CAGICRKMIF
,,,,,,89,CAGIGLKAIF
,,,,,,89,CAGSCVKAIF
,,,,,,88,CAGPFTKAIF
,,,,,,88,CAGPMRKGIF
,,,,,,88,CAGRRVKTIF
,,,,,,88,CAGVQAKVIF
,,,,,,88,CAGALTKMIF
,,,,,,88,CAGGDDKSIF
,,,,,,88,CAGTHRKAIF
,,,,,,87,CAGPSMKLIF
,,,,,,87,CAGRQRKVIF
,,,,,,87,CAGACGKRIF
,,,,,,87,CAGGEGKGIF
,,,,,,87,CAGIVAKLIF
,,,,,,87,CAGSFAKTIF
,,,,,,87,
,,,,,,87,CAGRGLKAIF
,,,,,,86,CAGLLAKVIF
,,,,,,86,CAGLYRKLIF
,,,,,,86,CAGLNRKSIF
,,,,,,86,CAGPCRKVIF
,,,,,,86,CAGRCRKAIF
,,,,,,86,CAGRYGKVIF
,,,,,,86,CAGRDMKMIF
,,,,,,86,CAGRPRKIIF
,,,,,,86,CAGRVVKPIF
,,,,,,86,CAGVVRKAIF
,,,,,,86,CAGARVKTIF
,,,,,,86,CAGAFRKSIF
,,,,,,86,CAGAQRKRIF
,,,,,,86,CAGAQVKVIF
,,,,,,86,CAGAGVKLIF
,,,,,,86,CAGGEMKIIF
,,,,,,86,CAGIYRKVIF
,,,,,,86,CAGTRLKGIF
,,,,,,85,CAGLVLKVIF
,,,,,,85,CAGPIDKIIF
,,,,,,85,CAGRFGKRIF
,,,,,,85,CAGRDGKTIF
,,,,,,85,CAGRSRKLIF
,,,,,,85,CAGVVLKVIF
,,,,,,85,CAGVMRKPIF
,,,,,,85,CAGALRKTIF
,,,,,,85,CAGAAGKRIF
,,,,,,85,CAGIPMKVIF
,,,,,,85,CAGIARKMIF
,,,,,,85,CAGILRKIIF
,,,,,,85,CAGMQLKLIF
,,,,,,85,CAGTFVKIIF
,,,,,,85,CAGTLIKLIF
,,,,,,85,CAGTNVKVIF
,,,,,,85,CAGTTLKAIF
,,,,,,85,CAGSVVKVIF
,,,,,,84,CAGRLRKVIF
,,,,,,84,CAGRFTKGIF
,,,,,,84,CAGRPIKVIF
,,,,,,84,CAGVPRKIIF
,,,,,,84,CAGVTTKIIF
,,,,,,84,CAGAIAKGIF
,,,,,,84,CAGIHRKRIF
,,,,,,84,CAGTARKVIF
,,,,,,84,CAGSSGKPIF
,,,,,,83,CAGLDLKVIF
,,,,,,83,CAGREAKLIF
,,,,,,83,CAGRGMKGIF
,,,,,,83,CAGASPKIIF
,,,,,,83,CAGADVKPIF
,,,,,,83,CAGIRGKIIF
,,,,,,83,CAGIGVKTIF
,,,,,,83,
,,,,,,83,CAGSLSKIIF
,,,,,,82,CAGPGAKSIF
,,,,,,82,CAGRAGKPIF
,,,,,,82,CAGVDRKIIF
,,,,,,82,CAGARVKVIF
,,,,,,82,CAGAGRKVIF
,,,,,,82,CAGGCAKRIF
,,,,,,82,CAGISLKVIF
,,,,,,82,CAGIAVKGIF
,,,,,,82,CAGMEMKRIF
,,,,,,82,CAGISRKGIF
,,,,,,82,CAGTQRKVIF
,,,,,,82,CAGRCLKVIF
,,,,,,81,CAGLSTKRIF
,,,,,,81,CAGPDIKIIF
,,,,,,81,CAGRSVKRIF
,,,,,,81,CAGRAGKVIF
,,,,,,81,CAGRSVKVIF
,,,,,,81,CAGVQAKSIF
,,,,,,81,CAGVRTKRIF
,,,,,,81,CAGVRIKSIF
,,,,,,81,CAGAFRKIIF
,,,,,,81,CAGAKSKSIF
,,,,,,81,CAGGVRKIIF
,,,,,,81,CAGGEDKSIF
,,,,,,81,CAGSSIKLIF
,,,,,,80,CAGPYRKIIF
,,,,,,80,CAGPIRKRIF
,,,,,,80,CAGRLSKLIF
,,,,,,80,CAGRHPKGIF
,,,,,,80,CAGVVLKSIF
,,,,,,80,CAGGFRKVIF
,,,,,,80,CAGGDDKTNF
,,,,,,80,CAGGSRKGIF
,,,,,,80,CAGIRAKIIF
,,,,,,80,CAGTVGKVIF
,,,,,,80,CAGTCGKVIF
,,,,,,80,CAGSYRKMIF
,,,,,,80,CAGSVSKTIF
,,,,,,79,CAGRNSKGIF
,,,,,,79,CAGVLGKGIF
,,,,,,79,CAGVCGKTIF
,,,,,,79,CAGVRAKTIF
,,,,,,79,CAGASLKVIF
,,,,,,79,CAGALAKAIF
,,,,,,79,CAGASTKIIF
,,,,,,79,CAGATVKLIF
,,,,,,79,CAGGSRKIIF
,,,,,,79,CAGMVGKGIF
,,,,,,79,CAGTSRKRIF
,,,,,,79,CAGSSMKRIF
,,,,,,79,CAGRGAKVIF
,,,,,,78,CAGLDVKVIF
,,,,,,78,CAGLLTKVIF
,,,,,,78,CAGLASKGIF
,,,,,,78,
,,,,,,78,CAGPVSKVIF
,,,,,,78,CAGRGIKLIF
,,,,,,78,CAGRGPKGIF
,,,,,,78,CAGVGVKLIF
,,,,,,78,CAGGDEKITF
,,,,,,78,CAGICSKIIF
,,,,,,78,CAGMVTKLIF
,,,,,,78,CAGTCTKPIF
,,,,,,78,CAGSCSKRIF
,,,,,,77,CAGLCAKVIF
,,,,,,77,CAGLSSKVIF
,,,,,,77,CAGLMAKLIF
,,,,,,77,CAGPPTKSIF
,,,,,,77,CAGRRIKPIF
,,,,,,77,CAGVYMKTIF
,,,,,,77,CAGARGKVIF
,,,,,,77,CAGAKPKTIF
,,,,,,77,CAGAPRKGIF
,,,,,,77,CAGAIRKGIF
,,,,,,77,CAGGDDKISL
,,,,,,77,CAGGYSKGIF
,,,,,,77,CAGIVRKGIF
,,,,,,77,CAGIDGKPIF
,,,,,,77,CAGMFIKLIF
,,,,,,77,CAGSWGKSIF
,,,,,,77,CAGSIRKLIF
,,,,,,77,CAGRLSKGIF
,,,,,,76,CAGPPAKMIF
,,,,,,76,CAGPDIKMIF
,,,,,,76,CAGRFVKRIF
,,,,,,76,CAGRSLKVIF
,,,,,,76,
,,,,,,76,
,,,,,,76,CAGVDGKGIF
,,,,,,76,CAGAIVKVIF
,,,,,,76,CAGGSGKLIF
,,,,,,76,CAGIGIKRIF
,,,,,,75,CAGLRRKGIF
,,,,,,75,
,,,,,,75,CAGLSIKIIF
,,,,,,75,CAGPLVKVIF
,,,,,,75,CAGRCIKVIF
,,,,,,75,CAGGRRKIIF
,,,,,,75,CAGGPRKPIF
,,,,,,75,CAGIALKVIF
,,,,,,75,CAGRLAKIIF
,,,,,,74,CAGPPAKVIF
,,,,,,74,CAGRLIKIIF
,,,,,,74,CAGVFTKLIF
,,,,,,74,CAGVRRKVIF
,,,,,,74,CAGAFMKGIF
,,,,,,74,CAGAMTKTIF
,,,,,,74,CAGGAIKRIF
,,,,,,74,
,,,,,,74,CAGSFIKRIF
,,,,,,73,CAGLCMKLIF
,,,,,,73,CAGLNGKSIF
,,,,,,73,CAGLALKPIF
,,,,,,73,CAGPAIKLIF
,,,,,,73,CAGPSVKVIF
,,,,,,73,CAGPTPKVIF
,,,,,,73,CAGRCVKLIF
,,,,,,73,CAGRSTKVIF
,,,,,,73,CAGVDYKIIF
,,,,,,73,CAGVIPKLIF
,,,,,,73,CAGVKRKRIF
,,,,,,73,CAGVGLKGIF
,,,,,,73,CAGGDDKTSF
,,,,,,73,CAGISVKIIF
,,,,,,73,CAGIIGKRIF
,,,,,,73,CAGMSSKIIF
,,,,,,73,CAGMHRKGIF
,,,,,,73,CAGTLVKIIF
,,,,,,73,CAGTRVKPIF
,,,,,,73,CAGSALKTIF
,,,,,,72,CAGLIPKIIF
,,,,,,72,CAGPRTKSIF
,,,,,,72,CAGPGVKRIF
,,,,,,72,CAGPVAKIIF
,,,,,,72,
,,,,,,72,CAGRHRKGIF
,,,,,,72,CAGRERKPIF
,,,,,,72,CAGRTVKIIF
,,,,,,72,CAGRRAKIIF
,,,,,,72,CAGVFVKSIF
,,,,,,72,CAGASIKVIF
,,,,,,72,CAGGCTKVIF
,,,,,,72,CAGGDDKNTF
,,,,,,72,CAGGVGKIIF
,,,,,,72,CAGGNTKGIF
,,,,,,72,CAGIWGKRIF
,,,,,,72,CAGTPTKIIF
,,,,,,72,CAGTMIKRIF
,,,,,,72,CAGSRAKAIF
,,,,,,72,CAGRAVKVIF
,,,,,,72,CAGRHTKIIF
,,,,,,71,CAGLHAKGIF
,,,,,,71,CAGLVTKVIF
,,,,,,71,CAGLGVKLIF
,,,,,,71,CAGRYRKLIF
,,,,,,71,CAGRRVKVIF
,,,,,,71,CAGVLRKVIF
,,,,,,71,CAGAVPKLIF
,,,,,,71,
,,,,,,70,CAGLYAKVIF
,,,,,,70,CAGLRGKGIF
,,,,,,70,CAGLRRKGIF
,,,,,,70,CAGLVLKGIF
,,,,,,70,CAGLGGKRIF
,,,,,,70,CAGPSRKVIF
,,,,,,70,CAGPQSKIIF
,,,,,,70,CAGPVAKLIF
,,,,,,70,CAGRERKIIF
,,,,,,70,CAGRLLKLIF
,,,,,,70,CAGRDRKSIF
,,,,,,70,CAGVEGKGIF
,,,,,,70,CAGAKVKLIF
,,,,,,70,CAGAETKVIF
,,,,,,70,CAGTKLKIIF
,,,,,,70,CAGRARKRIF
,,,,,,69,CAGLSIKLIF
,,,,,,69,CAGLPAKIIF
,,,,,,69,CAGLLRKIIF
,,,,,,69,CAGPAGKVIF
,,,,,,69,CAGVWGKLIF
,,,,,,69,CAGVYTKGIF
,,,,,,69,CAGAFPKRIF
,,,,,,69,CAGGFAKIIF
,,,,,,69,CAGGVLKPIF
,,,,,,69,CAGGGGKRIF
,,,,,,69,
,,,,,,69,CAGILRKPIF
,,,,,,69,CAGSLVKVIF
,,,,,,69,CAGSFVKRIF
,,,,,,69,CAGRVAKIIF
,,,,,,68,CAGLETKLIF
,,,,,,68,CAGPYRKRIF
,,,,,,68,CAGPLAKLIF
,,,,,,68,CAGPKRKVIF
,,,,,,68,CAGPDAKLIF
,,,,,,68,CAGPWTKIIF
,,,,,,68,CAGRNIKVIF
,,,,,,68,CAGRDAKLIF
,,,,,,68,CAGRFTKTIF
,,,,,,68,CAGRDLKVIF
,,,,,,68,CAGVRLKIIF
,,,,,,68,CAGVIVKGIF
,,,,,,68,CAGGWAKLIF
,,,,,,68,CAGIFGKTIF
,,,,,,68,CAGIEIKVIF
,,,,,,68,CAGIRVKRIF
,,,,,,68,
,,,,,,68,CAGIWLKTIF
,,,,,,68,CAGRSLKGIF
,,,,,,67,CAGLTPKIIF
,,,,,,67,CAGLFTKIIF
,,,,,,67,CAGLCSKVIF
,,,,,,67,CAGPVSKGIF
,,,,,,67,CAGPNRKSIF
,,,,,,67,CAGPMLKTIF
,,,,,,67,CAGRRGKLIF
,,,,,,67,CAGRSAKLIF
,,,,,,67,CAGRLAKLIF
,,,,,,67,CAGRDIKVIF
,,,,,,67,CAGVTPKVIF
,,,,,,67,CAGANAKIIF
,,,,,,67,CAGGEPKIIF
,,,,,,67,CAGGDDKTIF
,,,,,,67,CAGGEDKNIF
,,,,,,67,CAGICRKVIF
,,,,,,67,CAGIVIKGIF
,,,,,,67,CAGIEPKGIF
,,,,,,67,CAGSVGKLIF
,,,,,,67,CAGSCLKGIF
,,,,,,67,CAGRSVKVIF
,,,,,,66,CAGLIAKSIF
,,,,,,66,CAGPKVKSIF
,,,,,,66,CAGPGGKSIF
,,,,,,66,CAGPGVKIIF
,,,,,,66,CAGRELKSIF
,,,,,,66,CAGRPTKIIF
,,,,,,66,CAGRLAKGIF
,,,,,,66,CAGRTRKIIF
,,,,,,66,CAGRSAKPIF
,,,,,,66,CAGVIAKVIF
,,,,,,66,CAGVTVKLIF
,,,,,,66,CAGVYAKRIF
,,,,,,66,CAGAVSKSIF
,,,,,,66,CAGATPKIIF
,,,,,,66,
,,,,,,66,CAGGEDKIIL
,,,,,,66,CAGMVAKRIF
,,,,,,66,CAGIETKVIF
,,,,,,66,CAGTDIKRIF
,,,,,,66,CAGTSPKVIF
,,,,,,65,CAGLHMKLIF
,,,,,,65,CAGLSVKMIF
,,,,,,65,CAGPSVKRIF
,,,,,,65,CAGRSRKTIF
,,,,,,65,CAGRDAKRIF
,,,,,,65,CAGRSAKRIF
,,,,,,65,CAGVVTKIIF
,,,,,,65,CAGARAKVIF
,,,,,,65,CAGAWIKSIF
,,,,,,65,CAGGDDKTIF
,,,,,,65,CAGIYTKVIF
,,,,,,65,
,,,,,,64,CAGLLPKSIF
,,,,,,64,CAGLNMKGIF
,,,,,,64,CAGPRGKGIF
,,,,,,64,CAGPLRKVIF
,,,,,,64,CAGPSPKGIF
,,,,,,64,CAGPYVKSIF
,,,,,,64,CAGRSRKRIF
,,,,,,64,CAGRPTKVIF
,,,,,,64,CAGRVRKIIF
,,,,,,64,CAGVRTKLIF
,,,,,,64,CAGVKTKIIF
,,,,,,64,CAGVYRKIIF
,,,,,,64,CAGAPVKVIF
,,,,,,64,CAGAYRKVIF
,,,,,,64,CAGISRKRIF
,,,,,,64,CAGILRKIIF
,,,,,,64,CAGISAKIIF
,,,,,,64,CAGTLIKTIF
,,,,,,64,CAGRHTKGIF
,,,,,,63,CAGLEVKIIF
,,,,,,63,CAGPISKRIF
,,,,,,63,CAGPKGKGIF
,,,,,,63,CAGRLGKLIF
,,,,,,63,CAGRSTKLIF
,,,,,,63,CAGVITKRIF
,,,,,,63,CAGVMTKIIF
,,,,,,63,CAGVVVKVIF
,,,,,,63,CAGGVAKSIF
,,,,,,63,CAGMTRKLIF
,,,,,,63,CAGTLSKVIF
,,,,,,63,CAGRKPKVIF
,,,,,,62,CAGLPIKSIF
,,,,,,62,CAGLLGKVIF
,,,,,,62,CAGPSIKRIF
,,,,,,62,CAGPTIKSIF
,,,,,,62,CAGPSLKVIF
,,,,,,62,CAGPETKIIF
,,,,,,62,CAGRQSKIIF
,,,,,,62,CAGRGRKLIF
,,,,,,62,CAGVDPKTIF
,,,,,,62,CAGAKMKAIF
,,,,,,62,CAGGCRKRIF
,,,,,,62,CAGIFSKLIF
,,,,,,61,CAGPSIKLIF
,,,,,,61,CAGPLAKAIF
,,,,,,61,CAGPPRKGIF
,,,,,,61,CAGREVKLIF
,,,,,,61,CAGRTRKGIF
,,,,,,61,CAGRRRKIIF
,,,,,,61,CAGRSTKIIF
,,,,,,61,CAGVDDKITF
,,,,,,61,CAGVSLKLIF
,,,,,,61,CAGARVKVIF
,,,,,,61,CAGACGKAIF
,,,,,,61,CAGASMKRIF
,,,,,,61,CAGGKVKIIF
,,,,,,61,CAGISIKRIF
,,,,,,61,CAGIARKVIF
,,,,,,61,CAGILPKAIF
,,,,,,61,CAGTPTKRIF
,,,,,,61,CAGRWGKVIF
,,,,,,60,CAGLRPKIIF
,,,,,,60,CAGPQVKRIF
,,,,,,60,CAGRFRKSIF
,,,,,,60,CAGAVTKIIF
,,,,,,60,CAGAGIKLIF
,,,,,,60,CAGAGTKRIF
,,,,,,60,CAGGDGKVIF
,,,,,,60,CAGGDEKSIF
,,,,,,60,CAGGYRKIIF
,,,,,,60,CAGGGIKGIF
,,,,,,60,CAGGYGKLIF
,,,,,,60,CAGIVAKLIF
,,,,,,60,CAGSSRKPIF
,,,,,,60,CAGRYPKVIF
,,,,,,60,WAGGDDKIIL
,,,,,,59,CAGLTIKGIF
,,,,,,59,CAGPFGKGIF
,,,,,,59,CAGPFAKTIF
,,,,,,59,CAGPVMKRIF
,,,,,,59,CAGRARKLIF
,,,,,,59,CAGRSRKSIF
,,,,,,59,CAGRFRKAIF
,,,,,,59,CAGVQIKSIF
,,,,,,59,
,,,,,,59,CAGGDDKSIF
,,,,,,59,CAGTLVKIIF
,,,,,,59,CAGTTIKGIF
,,,,,,59,CAGTQRKAIF
,,,,,,58,CAGPCVKPIF
,,,,,,58,CAGPNRKLIF
,,,,,,58,CAGRLLKVIF
,,,,,,58,CAGRAIKLIF
,,,,,,58,CAGRLVKSIF
,,,,,,58,CAGVSRKVIF
,,,,,,58,CAGVRGKLIF
,,,,,,58,CAGASVKGIF
,,,,,,58,
,,,,,,58,CAGIIIKLIF
,,,,,,58,CAGISIKVIF
,,,,,,58,CAGTSLKAIF
,,,,,,57,CAGRNAKRIF
,,,,,,57,CAGRLAKLIF
,,,,,,57,CAGVFPKLIF
,,,,,,57,CAGVWVKRIF
,,,,,,57,CAGANPKGIF
,,,,,,57,CAGGDDKGIF
,,,,,,57,CAGGARKVIF
,,,,,,57,CAGISRKLIF
,,,,,,57,CAGMAVKRIF
,,,,,,57,CAGTYRKVIF
,,,,,,57,
,,,,,,56,
,,,,,,56,CAGRGAKVIF
,,,,,,56,CAGRARKRIF
,,,,,,56,CAGVVIKLIF
,,,,,,56,CAGVYGKVIF
,,,,,,56,CAGVRVKVIF
,,,,,,56,CAGAYLKVIF
,,,,,,56,
,,,,,,56,CAGAFIKVIF
,,,,,,56,
,,,,,,56,CAGMLVKGIF
,,,,,,56,CAGMSGKGIF
,,,,,,56,CAGTEPKLIF
,,,,,,56,
,,,,,,55,CAGLSLKLIF
,,,,,,55,CAGLYIKLIF
,,,,,,55,CAGPYRKPIF
,,,,,,55,CAGPGPKGIF
,,,,,,55,CAGRHRKVIF
,,,,,,55,CAGRVLKTIF
,,,,,,55,CAGRSRKSIF
,,,,,,55,CAGVLRKIIF
,,,,,,55,CAGVLIKIIF
,,,,,,55,
,,,,,,55,CAGGEIKTIF
,,,,,,55,CAGIIAKIIF
,,,,,,55,CAGIPVKSIF
,,,,,,55,CAGIFRKRIF
,,,,,,55,CAGSLRKVIF
,,,,,,55,CAGRGRKIIF
,,,,,,54,CAGLERKLIF
,,,,,,54,CAGRFVKLIF
,,,,,,54,CAGRVPKRIF
,,,,,,54,CAGVYMKGIF
,,,,,,54,CAGVVGKVIF
,,,,,,54,CAGACTKRIF
,,,,,,54,CAGAPSKIIF
,,,,,,54,CAGAERKIIF
,,,,,,54,CAGARRKLIF
,,,,,,54,CAGGASKVIF
,,,,,,54,CAGGDDKITF
,,,,,,54,CAGGFRKGIF
,,,,,,54,
,,,,,,54,CAGMSRKLIF
,,,,,,54,CAGTDGKGIF
,,,,,,54,CAGTQTKVIF
,,,,,,54,CAGREGKAIF
,,,,,,54,CAGRIPKGIF
,,,,,,53,CAGLSSKLIF
,,,,,,53,CAGLCTKTIF
,,,,,,53,CAGPFSKIIF
,,,,,,53,CAGPHPKLIF
,,,,,,53,CAGRSRKTIF
,,,,,,53,CAGRLLKGIF
,,,,,,53,CAGRFMKPIF
,,,,,,53,CAGRARKIIF
,,,,,,53,CAGVFLKRIF
,,,,,,53,CAGVTRKSIF
,,,,,,53,
,,,,,,53,CAGGYGKVIF
,,,,,,53,CAGGDKKIIF
,,,,,,53,CAGTVAKPIF
,,,,,,53,CAGSTRKLIF
,,,,,,53,CAGSETKAIF
,,,,,,53,CAGRSVKVIF
,,,,,,52,CAGLDRKLIF
,,,,,,52,CAGLSVKSIF
,,,,,,52,CAGLVSKLIF
,,,,,,52,CAGPCRKIIF
,,,,,,52,CAGPSRKVIF
,,,,,,52,CAGRKRKVIF
,,,,,,52,CAGVKSKGIF
,,,,,,52,CAGARIKGIF
,,,,,,52,CAGAPSKRIF
,,,,,,52,CAGGMIKAIF
,,,,,,52,CAGISLKGIF
,,,,,,52,CAGIRRKRIF
,,,,,,52,CAGIRRKVIF
,,,,,,52,CAGIFAKVIF
,,,,,,52,CAGTRGKSIF
,,,,,,52,CAGTGRKRIF
,,,,,,52,CAGRRLKIIF
,,,,,,51,CAGLSVKVIF
,,,,,,51,CAGLFGKLIF
,,,,,,51,CAGPFIKLIF
,,,,,,51,CAGRRIKTIF
,,,,,,51,CAGVWLKAIF
,,,,,,51,CAGVVLKGIF
,,,,,,51,CAGVYGKGIF
,,,,,,51,
,,,,,,51,CAGGFPKVIF
,,,,,,51,CAGGRVKTIF
,,,,,,51,CAGIARKIIF
,,,,,,51,CAGSCAKIIF
,,,,,,50,CAGLPAKMIF
,,,,,,50,CAGLSTKIIF
,,,,,,50,CAGLSLKGIF
,,,,,,50,CAGRVTKAIF
,,,,,,50,CAGVVSKVIF
,,,,,,50,
,,,,,,50,CAGVNPKTIF
,,,,,,50,CAGALIKVIF
,,,,,,50,CAGAHGKRIF
,,,,,,50,CAGAIPKSIF
,,,,,,50,
,,,,,,50,CAGGATKAIF
,,,,,,50,CAGGKRKMIF
,,,,,,50,CAGIDVKVIF
,,,,,,50,CAGILRKAIF
,,,,,,50,CAGIGAKVIF
,,,,,,50,CAGIKAKGIF
,,,,,,50,CAGSSGKGIF
,,,,,,50,CAGRFGKVIF
,,,,,,49,CAGLFTKVIF
,,,,,,49,CAGLFVKLIF
,,,,,,49,CAGLLVKLIF
,,,,,,49,CAGLATKVIF
,,,,,,49,CAGPPPKRIF
,,,,,,49,CAGPDTKGIF
,,,,,,49,CAGPNTKAIF
,,,,,,49,CAGRYPKPIF
,,,,,,49,CAGRNPKRIF
,,,,,,49,CAGRNGKIIF
,,,,,,49,CAGRSPKSIF
,,,,,,49,CAGVGIKRIF
,,,,,,49,CAGVWVKLIF
,,,,,,49,CAGVYGKGIF
,,,,,,49,CAGAYVKIIF
,,,,,,49,CAGGRVKSIF
,,,,,,49,CAGGKVKVIF
,,,,,,49,CAGGDAKTIF
,,,,,,49,
,,,,,,49,CAGGSVKIIF
,,,,,,49,CAGIDAKTIF
,,,,,,49,CAGIVLKVIF
,,,,,,49,CAGTQIKLIF
,,,,,,49,CAGRTRKIIF
,,,,,,49,CAGRCRKPIF
,,,,,,48,CAGLLLKIIF
,,,,,,48,CAGPYIKAIF
,,,,,,48,CAGPLLKGIF
,,,,,,48,CAGRSGKVIF
,,,,,,48,CAGVSAKLIF
,,,,,,48,CAGVCRKVIF
,,,,,,48,CAGAGTKVIF
,,,,,,48,CAGAAVKRIF
,,,,,,48,CAGGTGKVIF
,,,,,,48,CAGGTGKSIF
,,,,,,48,CAGIPSKVIF
,,,,,,48,CAGIRAKVIF
,,,,,,47,CAGLFRKRIF
,,,,,,47,CAGLAVKVIF
,,,,,,47,CAGRVLKVIF
,,,,,,47,CAGRMLKLIF
,,,,,,47,CAGRYRKSIF
,,,,,,47,CAGVSTKLIF
,,,,,,47,CAGVFRKIIF
,,,,,,47,CAGVLAKIIF
,,,,,,47,CAGVVGKIIF
,,,,,,47,CAGANVKVIF
,,,,,,47,
,,,,,,47,CAGTSRKVIF
,,,,,,47,CAGSWPKIIF
,,,,,,47,CAGRLLKLIF
,,,,,,46,CAGLLGKRIF
,,,,,,46,CAGPLLKGIF
,,,,,,46,CAGRFPKLIF
,,,,,,46,CAGASLKVIF
,,,,,,46,CAGAFAKVIF
,,,,,,46,CAGARAKVIF
,,,,,,46,CAGALRKIIF
,,,,,,46,CAGAEIKVIF
,,,,,,46,CAGGDDKPIF
,,,,,,46,CAGGVPKIIF
,,,,,,46,CAGIIAKIIF
,,,,,,46,CAGITLKRIF
,,,,,,46,CAGIFGKVIF
,,,,,,46,CAGIFGKVIF
,,,,,,46,CAGTPRKLIF
,,,,,,46,CAGTARKIIF
,,,,,,46,CAGSPMKIIF
,,,,,,46,CAGRIRKLIF
,,,,,,46,CAGRNLKPIF
,,,,,,45,CAGLCIKGIF
,,,,,,45,CAGLVAKGIF
,,,,,,45,CAGRLRKVIF
,,,,,,45,CAGRVRKLIF
,,,,,,45,CAGRSTKLIF
,,,,,,45,CAGVFGKGIF
,,,,,,45,CAGVPTKVIF
,,,,,,45,CAGVARKIIF
,,,,,,45,CAGAYLKRIF
,,,,,,45,CAGGDDKSSF
,,,,,,45,CAGGDEKNIF
,,,,,,45,CAGGNDKTIF
,,,,,,45,CAGGCTKTIF
,,,,,,45,CAGIFLKVIF
,,,,,,45,CAGTGRKVIF
,,,,,,45,CAGTVVKSIF
,,,,,,44,CAVGDDKTIF
,,,,,,44,CAGGDDKTIF
,,,,,,44,CAGLVRKSIF
,,,,,,44,CAGLCRKVIF
,,,,,,44,CAGLERKGIF
,,,,,,44,CAGPLLKLIF
,,,,,,44,CAGRATKIIF
,,,,,,44,CAGRSRKLIF
,,,,,,44,CAGVQAKRIF
,,,,,,44,CAGVVSKLIF
,,,,,,44,CAGAVGKVIF
,,,,,,44,CAGAVVKVIF
,,,,,,44,CAGGRLKSIF
,,,,,,44,CAGGIAKVIF
,,,,,,44,CAGILTKIIF
,,,,,,44,CAGTDGKRIF
,,,,,,44,CAGTTAKTIF
,,,,,,44,CAGTGIKVIF
,,,,,,43,SAGGDDKTIF
,,,,,,43,CAGLLGKRIF
,,,,,,43,CAGLIAKVIF
,,,,,,43,CAGPVIKTIF
,,,,,,43,CAGPTIKRIF
,,,,,,43,CAGRLPKVIF
,,,,,,43,CAGVSLKGIF
,,,,,,43,CAGAPSKLIF
,,,,,,43,CAGGHPKRIF
,,,,,,43,CAGGLVKLIF
,,,,,,43,CAGIFVKGIF
,,,,,,43,
,,,,,,43,CAGRNVKRIF
,,,,,,42,CAGLWVKLIF
,,,,,,42,CAGPFVKIIF
,,,,,,42,CAGPLLKVIF
,,,,,,42,CAGPNPKLIF
,,,,,,42,CAGRVRKLIF
,,,,,,42,CAGRAIKTIF
,,,,,,42,CAGRSSKTIF
,,,,,,42,CAGRWLKLIF
,,,,,,42,
,,,,,,42,CAGRLVKVIF
,,,,,,42,CAGVSIKVIF
,,,,,,42,CAGVARKSIF
,,,,,,42,CAGVTPKVIF
,,,,,,42,CAGAIIKAIF
,,,,,,42,CAGALMKTIF
,,,,,,42,
,,,,,,42,CAGIYVKIIF
,,,,,,42,CAGITVKVIF
,,,,,,42,
,,,,,,42,CAGSHRKLIF
,,,,,,42,CAGSVRKLIF
,,,,,,42,CAGSDVKLIF
,,,,,,42,CAGRFTKSIF
,,,,,,42,CAGRVAKRIF
,,,,,,41,CAGLHGKGIF
,,,,,,41,CAGLSAKIIF
,,,,,,41,CAGRLLKVIF
,,,,,,41,CAGRILKVIF
,,,,,,41,CAGVSAKIIF
,,,,,,41,CAGVSIKIIF
,,,,,,41,CAGVFSKRIF
,,,,,,41,CAGVILKVIF
,,,,,,41,CAGACSKIIF
,,,,,,41,CAGAHPKVIF
,,,,,,41,CAGGEEKIIF
,,,,,,41,CAGGVSKRIF
,,,,,,41,CAGICLKLIF
,,,,,,41,CAGTTAKLIF
,,,,,,41,CAGTSMKTIF
,,,,,,41,CAGTRPKIIF
,,,,,,41,CAGSKRKLIF
,,,,,,41,CAGRLMKVIF
,,,,,,40,CAGLVLKGIF
,,,,,,40,CAGPTLKVIF
,,,,,,40,CAGPRVKIIF
,,,,,,40,CAGRVSKVIF
,,,,,,40,
,,,,,,40,CAGVDDKNIF
,,,,,,40,CAGVEVKGIF
,,,,,,40,CAGVMIKVIF
,,,,,,40,CAGVIRKLIF
,,,,,,40,CAGIFLKGIF
,,,,,,40,CAGTTTKRIF
,,,,,,39,CAGLIPKLIF
,,,,,,39,CAGLILKIIF
,,,,,,39,CAGRCGKRIF
,,,,,,39,CAGVNPKPIF
,,,,,,39,CAGACAKVIF
,,,,,,39,CAGAPIKPIF
,,,,,,39,CAGAPRKLIF
,,,,,,39,CAGARTKSIF
,,,,,,39,CAGGEDKISF
,,,,,,39,CAGGCIKTIF
,,,,,,39,CAGIFLKLIF
,,,,,,39,CAGMNPKVIF
,,,,,,39,CAGTLRKGIF
,,,,,,39,CAGTGGKMIF
,,,,,,38,CAGLLAKGIF
,,,,,,38,CAGPPAKIIF
,,,,,,38,CAGRLIKSIF
,,,,,,38,CAGRGIKAIF
,,,,,,38,CAGRITKSIF
,,,,,,38,CAGVWIKVIF
,,,,,,38,CAGVRRKSIF
,,,,,,38,CAGVWLKGIF
,,,,,,38,CAGVYRKGIF
,,,,,,38,CAGAFIKIIF
,,,,,,38,CAGGRVKRIF
,,,,,,38,CAGGFTKGIF
,,,,,,38,CAGGDEKISF
,,,,,,38,CAGGQPKRIF
,,,,,,38,CAGGSLKLIF
,,,,,,38,CAGMFPKSIF
,,,,,,38,CAGTNPKIIF
,,,,,,38,CAGSVAKIIF
,,,,,,38,CAGRDRKAIF
,,,,,,37,CAGLMRKVIF
,,,,,,37,CAGLLRKIIF
,,,,,,37,CAGLFSKIIF
,,,,,,37,CAGPRLKVIF
,,,,,,37,CAGPYLKVIF
,,,,,,37,CAGPVVKVIF
,,,,,,37,CAGRPPKGIF
,,,,,,37,CAGREPKRIF
,,,,,,37,CAGRIRKGIF
,,,,,,37,
,,,,,,37,CAGGVAKGIF
,,,,,,37,CAGISGKVIF
,,,,,,37,CAGSLIKVIF
,,,,,,37,CAGSPRKLIF
,,,,,,36,CAGSSRKRIF
,,,,,,36,CAGPFVKAIF
,,,,,,36,CAGRFVKLIF
,,,,,,36,
,,,,,,36,CAGVFAKRIF
,,,,,,36,CAGATGKGIF
,,,,,,36,CAGAPIKVIF
,,,,,,36,CAGASPKVIF
,,,,,,36,CAGGKTKVIF
,,,,,,36,CAGGEDKINF
,,,,,,36,CAGGNDKSIF
,,,,,,36,CAGGETKRIF
,,,,,,36,CAGGAVKTIF
,,,,,,36,CAGMYGKIIF
,,,,,,36,CAGTLGKLIF
,,,,,,36,CAGSAVKIIF
,,,,,,36,CAGRTTKAIF
,,,,,,35,CAGLSVKRIF
,,,,,,35,CAGLCGKVIF
,,,,,,35,CAGLNRKLIF
,,,,,,35,CAGPVSKIIF
,,,,,,35,CAGRAAKLIF
,,,,,,35,CAGVWGKVIF
,,,,,,35,
,,,,,,35,CAGGSIKVIF
,,,,,,35,CAGGHDKTIF
,,,,,,35,CAGGVLKLIF
,,,,,,35,CAGICRKVIF
,,,,,,35,CAGMMTKMIF
,,,,,,35,CAGSRMKSIF
,,,,,,35,CAGRESKRIF
,,,,,,34,CAGLRVKIIF
,,,,,,34,CAGLFIKVIF
,,,,,,34,CAGLLMKVIF
,,,,,,34,CAGLLTKAIF
,,,,,,34,CAGLPVKRIF
,,,,,,34,CAGLYPKLIF
,,,,,,34,CAGPLSKLIF
,,,,,,34,CAGPMPKIIF
,,,,,,34,CAGPFGKLIF
,,,,,,34,CAGRSGKLIF
,,,,,,34,CAGRKGKLIF
,,,,,,34,CAGRYIKTIF
,,,,,,34,CAGVPRKTIF
,,,,,,34,CAGAGLKVIF
,,,,,,34,CAGILGKVIF
,,,,,,34,CAGTQAKVIF
,,,,,,34,CAGRYLKVIF
,,,,,,33,CAGLSGKLIF
,,,,,,33,CAGLSRKVIF
,,,,,,33,CAGLVAKIIF
,,,,,,33,CAGLSVKLIF
,,,,,,33,CAGPSGKIIF
,,,,,,33,CAGRLIKIIF
,,,,,,33,
,,,,,,33,CAGVNVKMIF
,,,,,,33,CAGVETKTIF
,,,,,,33,CAGVFPKIIF
,,,,,,33,CAGASRKLIF
,,,,,,33,CAGATLKLIF
,,,,,,33,CAGALRKVIF
,,,,,,33,CAGGRVKRIF
,,,,,,33,CAGGDDKIIL
,,,,,,33,CAGMISKGIF
,,,,,,33,CAGTEAKAIF
,,,,,,33,CAGSYAKGIF
,,,,,,33,CAGSRLKLIF
,,,,,,32,CAGPQGKGIF
,,,,,,32,CAGPSSKVIF
,,,,,,32,CAGRNAKVIF
,,,,,,32,CAGRIMKSIF
,,,,,,32,CAGGDDKSNF
,,,,,,32,CAGGEDKTIF
,,,,,,32,CAGGEDKNIF
,,,,,,32,CAGISIKVIF
,,,,,,32,CAGIVSKRIF
,,,,,,32,CAGIRVKGIF
,,,,,,32,CAGTLRKGIF
,,,,,,31,CAGLARKSIF
,,,,,,31,CAGLSTKVIF
,,,,,,31,CAGLAGKVIF
,,,,,,31,CAGLFLKVIF
,,,,,,31,CAGLLPKVIF
,,,,,,31,CAGPFMKVIF
,,,,,,31,CAGRLLKVIF
,,,,,,31,CAGVWVKVIF
,,,,,,31,CAGVVRKGIF
,,,,,,31,CAGVWTKAIF
,,,,,,31,CAGACRKGIF
,,,,,,31,CAGGGVKPIF
,,,,,,31,CAGGDDKCIF
,,,,,,31,CAGGDEKIIF
,,,,,,31,CAGIERKSIF
,,,,,,31,CAGGDDKTIF
,,,,,,30,CAGLTRKRIF
,,,,,,30,CAGLYGKRIF
,,,,,,30,CAGLNVKSIF
,,,,,,30,CAGPITKLIF
,,,,,,30,CAGPIIKVIF
,,,,,,30,CAGRFVKGIF
,,,,,,30,CAGVLTKRIF
,,,,,,30,CAGGRTKVIF
,,,,,,30,CAGGGIKIIF
,,,,,,30,CAGGYDKTIF
,,,,,,30,CAGGLAKVIF
,,,,,,30,CAGGDEKIIF
,,,,,,30,CAGILGKLIF
,,,,,,30,CAGRFLKRIF
,,,,,,30,CAGRSVKIIF
,,,,,,30,
,,,,,,30,CAGRPGKGIF
,,,,,,29,CAGLATKRIF
,,,,,,29,CAGLSSKMIF
,,,,,,29,CAGLILKVIF
,,,,,,29,CAGPRSKRIF
,,,,,,29,CAGPYLKMIF
,,,,,,29,CAGPLGKLIF
,,,,,,29,CAGPVSKLIF
,,,,,,29,CAGPFRKLIF
,,,,,,29,CAGRSIKSIF
,,,,,,29,CAGRHPKLIF
,,,,,,29,CAGRCIKGIF
,,,,,,29,CAGRVPKLIF
,,,,,,29,CAGRGSKGIF
,,,,,,29,CAGRRLKIIF
,,,,,,29,CAGVSMKIIF
,,,,,,29,CAGVCVKGIF
,,,,,,29,CAGVYIKRIF
,,,,,,29,CAGVRVKIIF
,,,,,,29,CAGVYSKVIF
,,,,,,29,CAGARTKIIF
,,,,,,29,CAGAVPKMIF
,,,,,,29,CAGAIRKVIF
,,,,,,29,CAGGNDKIIF
,,,,,,29,CAGMPLKIIF
,,,,,,29,CAGSPVKRIF
,,,,,,29,CAGRLIKIIF
,,,,,,29,CAGRVTKVIF
,,,,,,28,CAGLFLKIIF
,,,,,,28,CAGPYLKVIF
,,,,,,28,CAGPRIKGIF
,,,,,,28,CAGRPIKMIF
,,,,,,28,CAGVNGKSIF
,,,,,,28,CAGAPIKGIF
,,,,,,28,CAGAMRKTIF
,,,,,,28,CAGASMKRIF
,,,,,,28,CAGARLKVIF
,,,,,,28,CAGILGKSIF
,,,,,,28,CAGSCVKLIF
,,,,,,28,CAGSQGKVIF
,,,,,,28,CAGRVVKLIF
,,,,,,27,CAGLFGKVIF
,,,,,,27,CAGLNLKSIF
,,,,,,27,CAGLFGKIIF
,,,,,,27,CAGLLAKLIF
,,,,,,27,CAGLHMKSIF
,,,,,,27,CAGLGIKLIF
,,,,,,27,CAGLLLKVIF
,,,,,,27,CAGPFTKVIF
,,,,,,27,CAGPHTKVIF
,,,,,,27,CAGRWVKVIF
,,,,,,27,CAGRCLKMIF
,,,,,,27,CAGRLRKPIF
,,,,,,27,CAGAVAKVIF
,,,,,,27,CAGAWVKIIF
,,,,,,27,CAGAVRKGIF
,,,,,,27,CAGIRAKVIF
,,,,,,27,
,,,,,,26,CAGLQIKLIF
,,,,,,26,CAGPYRKVIF
,,,,,,26,CAGPSSKLIF
,,,,,,26,CAGRLGKLIF
,,,,,,26,CAGRSVKGIF
,,,,,,26,CAGRCVKRIF
,,,,,,26,CAGGFIKAIF
,,,,,,26,CAGIRTKGIL
,,,,,,26,CAGIRTKGIF
,,,,,,26,CAGILRKIIF
,,,,,,26,CAGMRIKIIF
,,,,,,26,CAGMIIKIIF
,,,,,,26,CAGIGRKIIF
,,,,,,26,CAGSYIKSIF
,,,,,,25,CAGLSLKVIF
,,,,,,25,CAGPFRKPIF
,,,,,,25,CAGPCLKGIF
,,,,,,25,CAGPQTKLIF
,,,,,,25,CAGVSGKGIF
,,,,,,25,CAGAVAKAIF
,,,,,,25,CAGGRTKRIF
,,,,,,25,CAGGDDKTIL
,,,,,,25,CAGGRIKVIF
,,,,,,25,CAGIFGKAIF
,,,,,,25,CAGIIRKGIF
,,,,,,25,CAGMDVKLIF
,,,,,,25,CAGTRLKVIF
,,,,,,25,CAGSRLKSIF
,,,,,,25,CAGRVRKSIF
,,,,,,24,FAGLIAKVIF
,,,,,,24,CAGLGLKMIF
,,,,,,24,CAGRQSKITF
,,,,,,24,CAGRQRKIIF
,,,,,,24,CAGRVVKIIF
,,,,,,24,CAGRKSKIIF
,,,,,,24,CAGRFPKIIF
,,,,,,24,CAGRCRKMIF
,,,,,,24,CAGRNPKRIF
,,,,,,24,CAGASPKVIF
,,,,,,24,CAGARLKGIF
,,,,,,24,
,,,,,,24,CAGGDIKVIF
,,,,,,24,CAGGDDKTIS
,,,,,,24,CAGISLKPIF
,,,,,,24,CAGTPGKIIF
,,,,,,24,CAGSWRKVIF
,,,,,,23,CAGGEDKIIF
,,,,,,23,CAGLVIKVIF
,,,,,,23,CAGPGVKVIF
,,,,,,23,CAGRTRKIIF
,,,,,,23,CAGRSVKRIF
,,,,,,23,CAGREMKLIF
,,,,,,23,CAGAKRKLIF
,,,,,,23,CAGAIMKVIF
,,,,,,23,CAGMFPKVIF
,,,,,,23,CAGTPRKIIF
,,,,,,23,CAGSPSKLIF
,,,,,,23,CAGSVRKLIF
,,,,,,23,CAGSYSKLIF
,,,,,,22,CAGLVAKIIF
,,,,,,22,CAGLEVKIIF
,,,,,,22,CAGPSSKIIF
,,,,,,22,CAGPGLKIIF
,,,,,,22,CAGRQSKIIL
,,,,,,22,CAGRPLKLIF
,,,,,,22,CAGRVVKLIF
,,,,,,22,CAGVWAKSIF
,,,,,,22,CAGVGVKLIF
,,,,,,22,CAGVNRKLIF
,,,,,,22,CAGASGKRIF
,,,,,,22,CAGALAKSIF
,,,,,,22,CAGGLRKGIF
,,,,,,22,CAGGHDKNIF
,,,,,,22,CAGGEEKIIF
,,,,,,22,CAGGDDKNIF
,,,,,,22,CAGSYRKVIF
,,,,,,21,CAGLRVKIIF
,,,,,,21,CAGLSGKRIF
,,,,,,21,CAGPEMKLIF
,,,,,,21,CAGPRPKVIF
,,,,,,21,CAGRSMKPIF
,,,,,,21,CAGRGSKGIF
,,,,,,21,CAGVEIKVIF
,,,,,,21,CAGVGIKPIF
,,,,,,21,CAGALGKGIF
,,,,,,21,CAGANIKGIF
,,,,,,21,
,,,,,,21,CAGGDDKKIF
,,,,,,21,CAGIYLKVIF
,,,,,,21,CAGTDLKIIF
,,,,,,21,CAGTVAKIIF
,,,,,,21,CAGRLVKGIF
,,,,,,21,RAGGDDKNIF
,,,,,,20,CAGRFLKSIF
,,,,,,20,CAGRFGKLIF
,,,,,,20,CAGRLTKGIF
,,,,,,20,CAGRTLKRIF
,,,,,,20,CAGVRSKIIF
,,,,,,20,CAGVDDKLIF
,,,,,,20,CAGVNRKSIF
,,,,,,20,
,,,,,,20,CAGVPTKSIF
,,,,,,20,CAGANDKIIF
,,,,,,20,CAGGDAKIIF
,,,,,,20,CAGGDDKIIL
,,,,,,20,CAGICTKIIF
,,,,,,20,CAGIQVKIIF
,,,,,,20,CAGIFTKVIF
,,,,,,20,CAGTPRKGIF
,,,,,,20,CAGSSLKGIF
,,,,,,20,CAGRRPKVIF
,,,,,,19,CAGLLIKIIF
,,,,,,19,CAGLRPKIIF
,,,,,,19,CAGLITKRIF
,,,,,,19,CAGLRLKVIF
,,,,,,19,CAGPRGKIIF
,,,,,,19,CAGPDLKRIF
,,,,,,19,CAGRCRKIIF
,,,,,,19,CAGAPRKLIF
,,,,,,19,CAGAPVKRIF
,,,,,,19,CAGARSKVIF
,,,,,,19,CAGGYTKGIF
,,,,,,19,CAGGIGKIIF
,,,,,,19,CAGGDEKLIF
,,,,,,19,CAGGKDKIIF
,,,,,,19,CAGGDEKIIF
,,,,,,19,CAGIFPKRIF
,,,,,,18,CAGLSVKMIF
,,,,,,18,CAGLPPKAIF
,,,,,,18,CAGPRLKTIF
,,,,,,18,CAGRFAKRIF
,,,,,,18,CAGVWIKLIF
,,,,,,18,CAGVVPKIIF
,,,,,,18,CAGAYRKVIF
,,,,,,18,CAGGNEKIIF
,,,,,,18,CAGGKDKIIF
,,,,,,18,CAGTPAKAIF
,,,,,,17,CAGLVLKVIF
,,,,,,17,
,,,,,,17,CAGPMIKGIF
,,,,,,17,CAGPSSKMIF
,,,,,,17,CAGRGRKIIF
,,,,,,17,CAGRLAKLIF
,,,,,,17,
,,,,,,17,CAGVAVKGIF
,,,,,,17,CAGVVVKLIF
,,,,,,17,CAGALIKIIF
,,,,,,17,CAGGSAKGIF
,,,,,,17,CAGIFSKLIF
,,,,,,17,CAGIRTKGTF
,,,,,,17,CAGTPVKIIF
,,,,,,16,CAGPYVKPIF
,,,,,,16,CAGPKIKIIF
,,,,,,16,CAGRIVKLIF
,,,,,,16,CAGRAIKPIF
,,,,,,16,CAGVLLKLIF
,,,,,,16,CAGVKLKLIF
,,,,,,16,CAGVFAKVIF
,,,,,,16,CAGGFLKLIF
,,,,,,16,CAGGDGKSIF
,,,,,,16,CAGGNDKINF
,,,,,,16,CAGIDPKVIF
,,,,,,16,CAGIIPKTIF
,,,,,,16,CAGIALKPIF
,,,,,,16,CAGRHVKLIF
,,,,,,15,CAGLLPKVIF
,,,,,,15,CAGLRLKRIF
,,,,,,15,CAGLVPKLIF
,,,,,,15,CAGLLTKMIF
,,,,,,15,CAGLYSKVIF
,,,,,,15,CAGPLGKTIF
,,,,,,15,CAGPKVKVIF
,,,,,,15,CAGRVIKVIF
,,,,,,15,CAGRWIKSIF
,,,,,,15,CAGRLPKIIF
,,,,,,15,CAGRTVKGIF
,,,,,,15,CAGVEVKGIF
,,,,,,15,CAGVAIKTIF
,,,,,,15,CAGGLIKRIF
,,,,,,15,CAGGDDRSIF
,,,,,,15,CAGGRRKVIF
,,,,,,15,CAGIPSKGIF
,,,,,,15,CAGTITKSIF
,,,,,,14,CAGLLLKSIF
,,,,,,14,CAGPLSKVIF
,,,,,,14,CAGPRPKSIF
,,,,,,14,CAGPHLKVIF
,,,,,,14,CAGRPPKRIF
,,,,,,14,CAGRPIKVIF
,,,,,,14,CAGRRGKVIF
,,,,,,14,CAGVVEKTIF
,,,,,,14,CAGACIKLIF
,,,,,,14,CAGAQSKAIF
,,,,,,14,CAGAESKIIF
,,,,,,14,CAGAWSKGIF
,,,,,,14,CAGGEDRIIF
,,,,,,14,CAGIRPKGIF
,,,,,,14,CAGISAKGTF
,,,,,,13,CAGLLTKRIF
,,,,,,13,CAGLSSKGIF
,,,,,,13,CAGPMSKIIF
,,,,,,13,CAGASLKGIF
,,,,,,13,CAGGDNKLIF
,,,,,,13,CAGIVTKIIF
,,,,,,12,CAGFRTKGIF
,,,,,,12,CAGLSLKVIF
,,,,,,12,
,,,,,,12,CAGLDAKLIF
,,,,,,12,
,,,,,,12,CAGPFEKGIF
,,,,,,12,
,,,,,,12,CAGPGAKVTF
,,,,,,12,CAGPTSKRIF
,,,,,,12,CAGRNLKIIF
,,,,,,12,
,,,,,,12,CAGVFPKTIF
,,,,,,12,CAGAYDKIIF
,,,,,,12,CAGAQRKIIF
,,,,,,12,CAGACNKAIF
,,,,,,12,CAGGYDKIIF
,,,,,,12,
,,,,,,12,CAGIPRKRIF
,,,,,,12,CAGILGKAIF
,,,,,,12,CAGILIKVIF
,,,,,,12,CAGSPLKVIF
,,,,,,11,CAGLPTKLIF
,,,,,,11,CAGLGRKGIF
,,,,,,11,CAGPWNKRIF
,,,,,,11,CAGPCAKVIF
,,,,,,11,CAGPYTKVIF
,,,,,,11,CAGRCVKIIF
,,,,,,11,
,,,,,,11,CAGRGEKIIF
,,,,,,11,CAGVITKRIF
,,,,,,11,CAGVNTKVIF
,,,,,,11,CAGVYDKIIF
,,,,,,11,
,,,,,,11,CAGVHAKLIF
,,,,,,11,
,,,,,,11,CAGVRKKRIF
,,,,,,11,CAGAVAKTIF
,,,,,,11,CAGAPIKGIF
,,,,,,11,CAGGDDKICF
,,,,,,11,CAGGDNKVIF
,,,,,,11,CAGGEDKNSF
,,,,,,11,CAGGSRKIIF
,,,,,,11,CAGGYVKTIF
,,,,,,11,CAGIRMKGIF
,,,,,,11,
,,,,,,11,CAGTIPKGIF
,,,,,,11,CAGSWAKPIF
,,,,,,11,CAGRWEKSIF
,,,,,,11,CAGRVNKGIF
,,,,,,10,CAGAVAKVIF
,,,,,,10,CAGLPIKRIF
,,,,,,10,CAGLFTKMIF
,,,,,,10,CAGLYRKIIF
,,,,,,10,CAGPLPKRIF
,,,,,,10,CAGPPLKPIF
,,,,,,10,CAGRPGKPIF
,,,,,,10,CAGRGAKITF
,,,,,,10,CAGVYRKVIF
,,,,,,10,CAGACKKSIF
,,,,,,10,CAGGGLKPIF
,,,,,,10,CAGGYHKIIF
,,,,,,10,CAGGVRKVIF
,,,,,,10,CAGIFSKVIF
,,,,,,10,CAGICPKGIF
,,,,,,10,CAGISAKVIF
,,,,,,10,CAGIIRKIIF
,,,,,,10,CAGSALKVIF
,,,,,,10,CAGRVTKGIF
,,,,,,10,CAGRGEKIIF
,,,,,,9,CAGLILKMIF
,,,,,,9,CAGLMAKPIF
,,,,,,9,CAGRPGKVIF
,,,,,,9,CAGRVTKTIF
,,,,,,9,CAGRMTKPIF
,,,,,,9,CAGRPIKSIF
,,,,,,9,CAGRTTKTTF
,,,,,,9,CAGRGLKLIF
,,,,,,9,CAGRRVKTIF
,,,,,,9,CAGRGAKTIF
,,,,,,9,CAGVEAKTIF
,,,,,,9,CAGVLIKIIF
,,,,,,9,CAGVLLKLIF
,,,,,,9,CAGVPPKVIF
,,,,,,9,CAGVFAKAIF
,,,,,,9,CAGALVKRIF
,,,,,,9,CAGAATKLIF
,,,,,,9,CAGAVKKLIF
,,,,,,9,CAGAGRKIIF
,,,,,,9,CAGADDKIIF
,,,,,,9,CAGGYAKIIF
,,,,,,9,CAGGHHKIIF
,,,,,,9,CAGIRGKAIF
,,,,,,9,CAGMSGKRIF
,,,,,,9,CAGIFIKVIF
,,,,,,9,CAGTNEKGIF
,,,,,,9,CAGTTPKAIF
,,,,,,9,CAGSSRKSIF
,,,,,,9,CAGSSAKLIF
,,,,,,9,CAGRCPKAIF
,,,,,,9,CAGRASKGIF
,,,,,,9,CAGGDDKIIF
,,,,,,8,CAGLFAKPIF
,,,,,,8,CAGLFIKVIF
,,,,,,8,CAGLSVKLIF
,,,,,,8,CAGLRTKSTF
,,,,,,8,CAGLDGKRIF
,,,,,,8,CAGPLEKLIF
,,,,,,8,CAGPSAKPIF
,,,,,,8,
,,,,,,8,CAGPPTKRIF
,,,,,,8,CAGPASKVIF
,,,,,,8,CAGPTAKTIL
,,,,,,8,CAGPLLKRIF
,,,,,,8,CAGRKGKAIF
,,,,,,8,CAGRAIKTTF
,,,,,,8,CAGVEQKVIF
,,,,,,8,CAGVADKMIF
,,,,,,8,CAGVDLKTIF
,,,,,,8,CAGVIGKIIF
,,,,,,8,CAGVLEKGIF
,,,,,,8,CAGVTLKRIF
,,,,,,8,CAGAGPKVIF
,,,,,,8,CAGATTKPIF
,,,,,,8,CAGGSSKLIF
,,,,,,8,CAGGHVKPIF
,,,,,,8,CAGGGHKLIF
,,,,,,8,CAGGGPKLIF
,,,,,,8,CAGGDDKLIC
,,,,,,8,CAGGDNKIIF
,,,,,,8,CAGGKVKRIF
,,,,,,8,CAGGEDKIIF
,,,,,,8,CAGISAKGIL
,,,,,,8,CAGTTEKLIF
,,,,,,8,CAGTPGKTIF
,,,,,,8,CAGSPIKLIF
,,,,,,8,CAGSATKPIF
,,,,,,8,CAGSEKKIIF
,,,,,,8,CAGSSDKLIF
,,,,,,7,CAGGDDRIIF
,,,,,,7,
,,,,,,7,CAGSNVKVIF
,,,,,,7,CAGLRPKSIF
,,,,,,7,CAGLVKKIIF
,,,,,,7,CAGLVRKGIL
,,,,,,7,CAGLLQKGIF
,,,,,,7,CAGLLSKPIF
,,,,,,7,CAGLSVKIIF
,,,,,,7,CAGLQIKSIF
,,,,,,7,CAGLAAKLTF
,,,,,,7,CAGLPAKIIF
,,,,,,7,CAGLRAKITF
,,,,,,7,CAGPCPKTIF
,,,,,,7,CAGPCPKIIF
,,,,,,7,CAGPVGKTIF
,,,,,,7,CAGPLLKRIF
,,,,,,7,CAGPPVKVIF
,,,,,,7,CAGPYAKVIF
,,,,,,7,CAGPYDKVIF
,,,,,,7,CAGPQGKVIF
,,,,,,7,CAGRNLKRIF
,,,,,,7,CAGRFRKIIF
,,,,,,7,CAGRVRKGIF
,,,,,,7,CAGRVTKSIF
,,,,,,7,CAGRLIKIIF
,,,,,,7,CAGRWGKLIF
,,,,,,7,CAGRPIKRIF
,,,,,,7,CAGRSPKIIF
,,,,,,7,CAGRDSKRIF
,,,,,,7,CAGVFLKLIF
,,,,,,7,CAGVYPKLIF
,,,,,,7,CAGVQIKRIF
,,,,,,7,
,,,,,,7,
,,,,,,7,CAGVDLKSIF
,,,,,,7,CAGVFPKVIF
,,,,,,7,CAGAFMKGIF
,,,,,,7,CAGADHKIIF
,,,,,,7,CAGAVTKIIF
,,,,,,7,CAGALRKTIF
,,,,,,7,CAGASTKGIF
,,,,,,7,CAGAYEKIIF
,,,,,,7,CAGARGKAIF
,,,,,,7,CAGAVEKIIF
,,,,,,7,CAGAALKVIF
,,,,,,7,CAGGGIKTIF
,,,,,,7,CAGGYDNIIF
,,,,,,7,CAGGPGKVIF
,,,,,,7,CAGGENKVIF
,,,,,,7,CAGGVTKIIF
,,,,,,7,CAGGVKKGIF
,,,,,,7,CAGGKVKIIF
,,,,,,7,
,,,,,,7,CAGITAKAIF
,,,,,,7,CAGIWKKGIF
,,,,,,7,CAGILTKIIF
,,,,,,7,CAGIGRKGIF
,,,,,,7,CAGIDRKPIF
,,,,,,7,CAGTLIKPIF
,,,,,,7,CAGTDVKPTF
,,,,,,7,CAGSSSKTIF
,,,,,,7,CAGSGRKLIF
,,,,,,7,CAGSTLKGIF
,,,,,,7,CAGSYSKTTF
,,,,,,7,CAGSETKLIF
,,,,,,7,CAGRWGKPIF
,,,,,,7,CAGRTRKTTF
,,,,,,7,CAGRTRKTIF
,,,,,,7,CAGRSAKSIF
,,,,,,7,
,,,,,,6,CAGAVAKAIF
,,,,,,6,CAGFYTKRIF
,,,,,,6,CAGLVRKTIF
,,,,,,6,CAGLFLKTIF
,,,,,,6,CAGLVRKGIF
,,,,,,6,CAGLGVKVTF
,,,,,,6,CAGPSSKIIF
,,,,,,6,CAGPPTKVIF
,,,,,,6,CAGPEIKVIF
,,,,,,6,CAGPSGKRTF
,,,,,,6,CAGPPGKLIF
,,,,,,6,CAGPQLKIIF
,,,,,,6,CAGPDGKTIF
,,,,,,6,CAGPYVKVTF
,,,,,,6,CAGPYAKSIF
,,,,,,6,CAGREPKSIF
,,,,,,6,
,,,,,,6,CAGRVLKPIF
,,,,,,6,CAGRSPKRIF
,,,,,,6,CAGRWTKAIF
,,,,,,6,CAGRKGKTIF
,,,,,,6,CAGVRSKSIF
,,,,,,6,CAGVQGKAIF
,,,,,,6,CAGVCAKSIF
,,,,,,6,CAGVLGKRIF
,,,,,,6,CAGVEHKSIF
,,,,,,6,CAGVKAKMTF
,,,,,,6,CAGVFHKTIF
,,,,,,6,CAGVTGKTIF
,,,,,,6,CAGAQVKTIF
,,,,,,6,CAGALRKLIF
,,,,,,6,CAGAHNKIIF
,,,,,,6,CAGACIKAIF
,,,,,,6,CAGAGIKAIF
,,,,,,6,CAGADGKLIL
,,,,,,6,CAGADEKLIF
,,,,,,6,CAGAMAKTIF
,,,,,,6,CAGAMAKVIF
,,,,,,6,CAGAMTKAIF
,,,,,,6,CAGATRKSIF
,,,,,,6,CAGARPKTIF
,,,,,,6,CAGATVKPIF
,,,,,,6,CAGGLLKLIL
,,,,,,6,CAGGPGKAIF
,,,,,,6,CAGGAPKGIF
,,,,,,6,CAGGARKIIF
,,,,,,6,CAGGTQKGIF
,,,,,,6,CAGGKQKAIF
,,,,,,6,CAGGFQKVIF
,,,,,,6,CAGGHDKVIF
,,,,,,6,CAGGVGKGIF
,,,,,,6,CAGGEIKVIL
,,,,,,6,CAGGESKTIF
,,,,,,6,CAGGGTKPIF
,,,,,,6,CAGIYEKRIF
,,,,,,6,CAGIPVKIIF
,,,,,,6,CAGMFVKLTF
,,,,,,6,CAGTREKRIF
,,,,,,6,CAGTLSKVTF
,,,,,,6,CAGTPIKGIF
,,,,,,6,CAGSRDKRIF
,,,,,,6,CAGSVTKVTF
,,,,,,6,CAGSGRKGTF
,,,,,,6,CAGSDRKTIF
,,,,,,6,CAGRFIKGIF
,,,,,,6,CAGRLQKVIF
,,,,,,6,CAGKLAKGIF
,,,,,,5,CAGFGRKVIF
,,,,,,5,CAGLCVKLIF
,,,,,,5,CAGSFVKIIF
,,,,,,5,CAGLERKGIF
,,,,,,5,CAGLPSKTIF
,,,,,,5,CAGLDGKLTF
,,,,,,5,CAGLDAKTIL
,,,,,,5,CAGLLRKLTF
,,,,,,5,CAGLAAKPIF
,,,,,,5,CAGLKVKLIF
,,,,,,5,CAGLLSKVIL
,,,,,,5,CAGLAEKGIF
,,,,,,5,CAGLRAKTIF
,,,,,,5,CAGPSVKVIF
,,,,,,5,CAGPTTKSIF
,,,,,,5,CAGPQTKLIF
,,,,,,5,CAGPGAKVIF
,,,,,,5,CAGPTGKGIF
,,,,,,5,CAGRFGKTIL
,,,,,,5,CAGRCLKLTF
,,,,,,5,CAGRCRKSIF
,,,,,,5,CAGRCEKGIF
,,,,,,5,CAGRYPKPIF
,,,,,,5,CAGRQRKVIF
,,,,,,5,CAGRDGKIIF
,,,,,,5,CAGRTTKTIF
,,,,,,5,
,,,,,,5,CAGRQRKSIF
,,,,,,5,CAGRKAKRIF
,,,,,,5,CAGRVGKAIF
,,,,,,5,CAGRGAKIIF
,,,,,,5,CAGRDVKLIF
,,,,,,5,CAGREVKTIF
,,,,,,5,CAGRNDKSIF
,,,,,,5,CAGRKTKITF
,,,,,,5,CAGVGRKVTF
,,,,,,5,CAGVRIKRTF
,,,,,,5,CAGVCFKLIF
,,,,,,5,CAGVPVKPIF
,,,,,,5,CAGVREKLIF
,,,,,,5,CAGVRNKSIF
,,,,,,5,CAGAMGKLIF
,,,,,,5,CAGAYVKAIF
,,,,,,5,CAGAYEKIIF
,,,,,,5,CAGARVKVIF
,,,,,,5,CAGAQIKSIF
,,,,,,5,CAGANPKGIF
,,,,,,5,CAGALAKLIF
,,,,,,5,CAGAASKSIF
,,,,,,5,CAGADGKPIF
,,,,,,5,CAGAMAKSIF
,,,,,,5,CAGALSKVIF
,,,,,,5,CAGADDKSIF
,,,,,,5,CAGGLLKLIF
,,,,,,5,CAGGVPKVTF
,,,,,,5,CAGGTTKTIF
,,,,,,5,
,,,,,,5,CAGGVAKVIF
,,,,,,5,CAGGNEKTIF
,,,,,,5,CAGGWAKLIF
,,,,,,5,CAGGWAKSIF
,,,,,,5,CAGGSRKGIF
,,,,,,5,CAGGPLKRIF
,,,,,,5,CAGGGEKIIF
,,,,,,5,CAGGGQKTIF
,,,,,,5,CAGGDTKGTF
,,,,,,5,CAGILRKTIF
,,,,,,5,CAGIPGKVIF
,,,,,,5,CAGIAGKHIF
,,,,,,5,CAGIRGKVIL
,,,,,,5,CAGIDRKAIL
,,,,,,5,CAGIETKVIF
,,,,,,5,CAGMQIKIIF
,,,,,,5,CAGMGEKSIF
,,,,,,5,CAGISLKGIF
,,,,,,5,CAGIPSKAIF
,,,,,,5,CAGIVVKIIF
,,,,,,5,
,,,,,,5,CAGTVGKVIF
,,,,,,5,CAGTEVKTIF
,,,,,,5,CAGTEKKVIF
,,,,,,5,CAGTFAKVIF
,,,,,,5,CAGTQIKLIF
,,,,,,5,CAGTRGKRTF
,,,,,,5,CAGTSDKAIF
,,,,,,5,CAGTCTKPIL
,,,,,,5,CAGTARKVIL
,,,,,,5,CAGTIQKGIF
,,,,,,5,CAGSPRKPIF
,,,,,,5,CAGSPSKIIF
,,,,,,5,CAGSRLKTIF
,,,,,,5,CAGSVSKPIL
,,,,,,5,CAGSESKTIL
,,,,,,5,CAGRCGKGTF
,,,,,,5,CAGRWEKLIF
,,,,,,5,CAGRIRKHIF
,,,,,,5,CAGRFLKAIF
,,,,,,5,CAGRGAKTIF
,,,,,,5,CAGRSTKPTF
,,,,,,4,
,,,,,,4,CAGFYLKLIF
,,,,,,4,CAGFGGKGIF
,,,,,,4,CAGFEPKVIF
,,,,,,4,CAGLITKRIF
,,,,,,4,CAGLRTKAIF
,,,,,,4,CAGLALKTIF
,,,,,,4,CAGLIQKLIF
,,,,,,4,CAGLTLKLIF
,,,,,,4,CAGLYPKTTF
,,,,,,4,CAGLATKSIF
,,,,,,4,CAGLGTKRTF
,,,,,,4,CAGLFTKVTF
,,,,,,4,CAGLLRKPIF
,,,,,,4,CAGLSSKLTF
,,,,,,4,CAGLSSKPIF
,,,,,,4,CAGLYRKVIF
,,,,,,4,CAGLSSKDIF
,,,,,,4,CAGLSMKIIF
,,,,,,4,CAGLVAKVIF
,,,,,,4,CAGLVTKSIF
,,,,,,4,CAGLAGKGIF
,,,,,,4,CAGLGEKLIF
,,,,,,4,CAGLTMKPIF
,,,,,,4,CAGPQLKITF
,,,,,,4,CAGPVAKGIF
,,,,,,4,CAGPEVKIIF
,,,,,,4,CAGPEKKVIF
,,,,,,4,CAGPTVKLIF
,,,,,,4,CAGPWVKVIF
,,,,,,4,CAGPPEKVIF
,,,,,,4,CAGPQSKTIF
,,,,,,4,CAGPVAKPIF
,,,,,,4,CAGPDGKITF
,,,,,,4,CAGPSLKVTF
,,,,,,4,CAGPPVKVIF
,,,,,,4,CAGPEMKTIF
,,,,,,4,CAGPIDKTIF
,,,,,,4,CAGPMGKLIF
,,,,,,4,CAGPNTKAIL
,,,,,,4,CAGPHGKAIF
,,,,,,4,CAGPDTKMIF
,,,,,,4,CAGPSTKRIF
,,,,,,4,CAGRFLKGIF
,,,,,,4,CAGRFGKTIL
,,,,,,4,CAGRLLKGSF
,,,,,,4,CAGRLKKVIF
,,,,,,4,CAGRRGKGIL
,,,,,,4,CAGRVTKITF
,,,,,,4,CAGRDLKAIF
,,,,,,4,CAGRDGKNIF
,,,,,,4,CAGRFRKVIL
,,,,,,4,CAGRRAKRIL
,,,,,,4,CAGRRIKTTF
,,,,,,4,CAGRVTKSIL
,,,,,,4,CAGRILKRIL
,,,,,,4,CAGRRMKRIL
,,,,,,4,
,,,,,,4,CAGRDGKGIF
,,,,,,4,CAGRIAKTIF
,,,,,,4,CAGRKDKRIF
,,,,,,4,CAGRPTKIIF
,,,,,,4,CAGRAAKPTF
,,,,,,4,CAGRGGKVTF
,,,,,,4,CAGQKGKGIF
,,,,,,4,
,,,,,,4,CAGVVLKGIF
,,,,,,4,CAGVVLKVTF
,,,,,,4,CAGVGPKTIF
,,,,,,4,CAGVEGKRIF
,,,,,,4,CAGVCTKLTF
,,,,,,4,CAGVLKKGIF
,,,,,,4,CAGVDYKITF
,,,,,,4,CAGVCLKLIF
,,,,,,4,CAGVYVKRTF
,,,,,,4,CAGVLVKGTF
,,,,,,4,CAGVTTKITF
,,,,,,4,CAGVSVKVIL
,,,,,,4,CAGVYAKIIF
,,,,,,4,CAGVYTKTIF
,,,,,,4,CAGVEAKVIL
,,,,,,4,CAGARVKAIF
,,,,,,4,CAGAVQKLIF
,,,,,,4,CAGAMPKPIF
,,,,,,4,CAGAMQKLIF
,,,,,,4,CAGAQRKATF
,,,,,,4,CAGATLKPIF
,,,,,,4,CAGALVKAIF
,,,,,,4,CAGARPKITF
,,,,,,4,CAGAWRKIIF
,,,,,,4,
,,,,,,4,CAGAPVKLIF
,,,,,,4,CAGARGKIIF
,,,,,,4,CAGAVIKVTF
,,,,,,4,CAGGPRKRIF
,,,,,,4,CAGGVSKAIF
,,,,,,4,CAGGKRKAIL
,,,,,,4,CAGGLTKTTF
,,,,,,4,CAGGHVKLIF
,,,,,,4,CAGGDNKIIF
,,,,,,4,
,,,,,,4,CAGGFTKGIF
,,,,,,4,CAGGCEKRIF
,,,,,,4,CAGGPGKLIF
,,,,,,4,CAGGDAKIIF
,,,,,,4,CAGGTLKRIF
,,,,,,4,CAGILTKGIF
,,,,,,4,CAGIASKRIF
,,,,,,4,CAGIGGKLIF
,,,,,,4,CAGIIAKVTF
,,,,,,4,CAGIRGKVIF
,,,,,,4,CAGIFTKGIF
,,,,,,4,CAGILPKGIF
,,,,,,4,CAGIQLKGIF
,,,,,,4,CAGMRTKPIF
,,,,,,4,CAGMQGKGIL
,,,,,,4,CAGMGVKGIF
,,,,,,4,CAGMDGKVIF
,,,,,,4,CAGIFGKPIF
,,,,,,4,CAGIYLKGTF
,,,,,,4,CAGIQGKAIF
,,,,,,4,CAGIGVKSTF
,,,,,,4,CAGIDPKPIF
,,,,,,4,CAGTVTKGIL
,,,,,,4,CAGTFAKAIF
,,,,,,4,CAGTRGKIIL
,,,,,,4,CAGTNVKFIF
,,,,,,4,CAGTSAKAIL
,,,,,,4,CAGTGIKSIF
,,,,,,4,CAGTEPKPIF
,,,,,,4,CAGTRQKGIF
,,,,,,4,CAGTQSKVIF
,,,,,,4,CAGSWGKSTF
,,,,,,4,CAGSEAKIIF
,,,,,,4,CAGSSVKLIL
,,,,,,4,CAGSSVKLTF
,,,,,,4,CAGSSVKGIL
,,,,,,4,CAGSSTKRTF
,,,,,,4,
,,,,,,4,CAGRTRKITF
,,,,,,4,CAGRNTKAIF
,,,,,,4,CAGRYPKAIF
,,,,,,4,CAGRVSKGTF
,,,,,,4,CAGRVKKVIF
,,,,,,4,CAGRGLKVIF
,,,,,,4,CAGRIGKVIF
,,,,,,4,GAGRVMKSIF
,,,,,,3,CAGRAVKGIF
,,,,,,3,CAVGVGKRIF
,,,,,,3,CAGVRIKSIF
,,,,,,3,CAGFSLKLIF
,,,,,,3,CAGFVRKIIF
,,,,,,3,CAGFMSKSIF
,,,,,,3,CAGWPIKGIF
,,,,,,3,CAGLPLKLIF
,,,,,,3,CAGLRRKGIF
,,,,,,3,CAGLQQKIIF
,,,,,,3,CAGLGVKVIF
,,,,,,3,CAGLCRKDIF
,,,,,,3,CAGLCKKGIF
,,,,,,3,
,,,,,,3,CAGLYIKPIF
,,,,,,3,CAGLDIKRIF
,,,,,,3,CAGLMAKLTF
,,,,,,3,CAGLTPKTIF
,,,,,,3,CAGLKRKVIF
,,,,,,3,CAGPFAERIF
,,,,,,3,CAGPFRKIIF
,,,,,,3,CAGPPIKRIF
,,,,,,3,CAGPQTKSIF
,,,,,,3,CAGPVAKVIF
,,,,,,3,CAGPVGKIIF
,,,,,,3,CAGPDVKFIF
,,,,,,3,CAGPDVKVNF
,,,,,,3,CAGPIAKVIF
,,,,,,3,CAGPFLKPIF
,,,,,,3,CAGPPVKLTF
,,,,,,3,CAGPPRKLTF
,,,,,,3,CAGPRLKGIF
,,,,,,3,CAGPRTKAIF
,,,,,,3,CAGPGEKSIF
,,,,,,3,CAGPSLKAIF
,,,,,,3,CAGPSTKRTF
,,,,,,3,CAGPCTKVIL
,,,,,,3,CAGPCRKGIF
,,,,,,3,CAGPWTKVIF
,,,,,,3,CAGPRTKLIF
,,,,,,3,CAGPVSKITF
,,,,,,3,CAGPVPKIIF
,,,,,,3,CAGPMVKLIL
,,,,,,3,CAGPTTKAIF
,,,,,,3,CAGPDDKIIF
,,,,,,3,CAGRFVKIIF
,,,,,,3,CAGRFTKRIF
,,,,,,3,CAGRSGKGIL
,,,,,,3,CAGRLPKVIF
,,,,,,3,CAGRLRKVTF
,,,,,,3,CAGRLSKLIF
,,,,,,3,CAGRHRRGIF
,,,,,,3,CAGRVTKRTF
,,,,,,3,CAGRGGKSSF
,,,,,,3,CAGRGLKGTF
,,,,,,3,CAGREPKAIF
,,,,,,3,CAGRSRKVIF
,,,,,,3,CAGRCVKGIL
,,,,,,3,
,,,,,,3,CAGRLRKDIF
,,,,,,3,CAGREVKGIL
,,,,,,3,CAGRISKMIF
,,,,,,3,CAGRNPKRTF
,,,,,,3,CAGRKVKVIF
,,,,,,3,CAGRCAKAIF
,,,,,,3,CAGRCIKVIF
,,,,,,3,CAGRPIKSIF
,,,,,,3,CAGRGGKSIF
,,,,,,3,CAGRGGKSIF
,,,,,,3,
,,,,,,3,CAGRMVKLIF
,,,,,,3,CAGRFEKLIF
,,,,,,3,CAGRLLKVTF
,,,,,,3,CAGRSTKAIF
,,,,,,3,CAGRSTKIIF
,,,,,,3,CAGRSKKLIF
,,,,,,3,CAGRAEKPIF
,,,,,,3,CAGRGMKGTF
,,,,,,3,CAGRRSKGTF
,,,,,,3,CAGRNVKSTF
,,,,,,3,CAGVYTKRTF
,,,,,,3,CAGVPVKLIF
,,,,,,3,CAGVRTKPIF
,,,,,,3,CAGVDPKTIF
,,,,,,3,CAGVLAKLTF
,,,,,,3,CAGVLIKRIL
,,,,,,3,CAGVPTKIIF
,,,,,,3,CAGVAVKIIF
,,,,,,3,CAGVGIKAIF
,,,,,,3,CAGVGLKRIF
,,,,,,3,CAGVIPKPIF
,,,,,,3,CAGVITKRTF
,,,,,,3,CAGVITKVTF
,,,,,,3,CAGVKLKSIF
,,,,,,3,CAGVFGKTTF
,,,,,,3,CAGVFGKKIF
,,,,,,3,CAGVLGKTIF
,,,,,,3,CAGVLRKGVF
,,,,,,3,CAGVQGKAIL
,,,,,,3,CAGVKRKVIF
,,,,,,3,CAGVKQKGIF
,,,,,,3,CAGAFIKVIF
,,,,,,3,CAGALMKGIL
,,,,,,3,CAGALMKEIF
,,,,,,3,CAGALKKGIF
,,,,,,3,CAGAVTKITF
,,,,,,3,CAGAIAKVTF
,,,,,,3,CAGANDKVIF
,,,,,,3,CAGAFTKLIF
,,,,,,3,CAGAWGKVIF
,,,,,,3,CAGALRKVIF
,,,,,,3,CAGALNKVIF
,,,,,,3,CAGADMKVVF
,,,,,,3,CAGADMKVTF
,,,,,,3,CAGANEKIIF
,,,,,,3,CAGAKPKTTF
,,,,,,3,CAGACGKGIF
,,,,,,3,CAGAGAKTIF
,,,,,,3,CAGADMKGNF
,,,,,,3,CAGADTKEIF
,,,,,,3,CAGAETKAIF
,,,,,,3,CAGAWSKIIL
,,,,,,3,CAGAYGKITF
,,,,,,3,CAGAQVKVIF
,,,,,,3,CAGAGVKPIF
,,,,,,3,CAGASPKSIF
,,,,,,3,CAGGFSKLIL
,,,,,,3,CAGGSLKSIF
,,,,,,3,CAGGCRKRIF
,,,,,,3,
,,,,,,3,CAGGYRKRIF
,,,,,,3,CAGGHVKLIL
,,,,,,3,CAGGQVKRIL
,,,,,,3,CAGGQTKRIF
,,,,,,3,CAGGVAKLIF
,,,,,,3,CAGGEGKVIF
,,,,,,3,CAGGSRKLTF
,,,,,,3,CAGGRVKNIF
,,,,,,3,CAGGYNKTIF
,,,,,,3,CAGGVTKGIF
,,,,,,3,CAGGVTKVIF
,,,,,,3,CAGGVRKLIL
,,,,,,3,CAGGDDKTRF
,,,,,,3,CAGGDEKSIF
,,,,,,3,CAGGDIKVIF
,,,,,,3,CAGGERKHIF
,,,,,,3,CAGGIRKLIF
,,,,,,3,CAGGFKKIIF
,,,,,,3,CAGGSMKIIF
,,,,,,3,CAGGSSKGIF
,,,,,,3,CAGGVGKTIF
,,,,,,3,CAGGTLKRIL
,,,,,,3,CAGEFRKVIF
,,,,,,3,CAGIFLKPIF
,,,,,,3,CAGIFPKSIF
,,,,,,3,CAGIYAKRIL
,,,,,,3,
,,,,,,3,CAGIPGKAIF
,,,,,,3,CAGIPRKGIF
,,,,,,3,CAGIQLKGIF
,,,,,,3,CAGIGHKMIF
,,,,,,3,CAGIGGKPIF
,,,,,,3,CAGIIAKVSF
,,,,,,3,CAGISNKVIF
,,,,,,3,CAGIVGRIIF
,,,,,,3,CAGMSSKLTF
,,,,,,3,CAGMCGKPIF
,,,,,,3,
,,,,,,3,
,,,,,,3,CAGMQLKQIF
,,,,,,3,CAGMVGKSIF
,,,,,,3,CAGMGAKSIL
,,,,,,3,CAGMGGKTIF
,,,,,,3,CAGMITKIIF
,,,,,,3,CAGMSGKTIF
,,,,,,3,CAGIFGKAIL
,,,,,,3,CAGISEKIIF
,,,,,,3,CAGIPRKAIF
,,,,,,3,CAGIVPKVIF
,,,,,,3,CAGIETKVIL
,,,,,,3,CAGIRVKGIF
,,,,,,3,CAGTSVKAIF
,,,,,,3,
,,,,,,3,CAGTLSKVIF
,,,,,,3,CAGTYMKSTF
,,,,,,3,CAGTAIKGIF
,,,,,,3,CAGTCTKPIF
,,,,,,3,CAGTQSKVIF
,,,,,,3,CAGSFAKRIL
,,,,,,3,CAGSSMKRIL
,,,,,,3,CAGSSMKRIF
,,,,,,3,CAGSPAKLIL
,,,,,,3,CAGSPAKLIF
,,,,,,3,CAGSPAKLIF
,,,,,,3,CAGSQSKLIF
,,,,,,3,CAGSALKTTF
,,,,,,3,CAGSGSKGTF
,,,,,,3,CAGSELKRIF
,,,,,,3,CAGSLSKTIF
,,,,,,3,CAGSLRKIIF
,,,,,,3,CAGSGGKVTF
,,,,,,3,CAGSGLKRTF
,,,,,,3,CAGSERKITF
,,,,,,3,CAGRLLKIIF
,,,,,,3,CAGRMGKVIF
,,,,,,3,CAGRLLKLIF
,,,,,,3,CAGRHTKVIF
,,,,,,3,CAGRGAKITF
,,,,,,3,CAGRGAKNIF
,,,,,,3,CAGRNAKRIF
,,,,,,3,CAGKGVKTIF
,,,,,,3,CAGMVGKGIF
,,,,,,3,CAGRSMKRIF
,,,,,,3,CAGRVSKGIF
,,,,,,3,CAGIGVKLIF
,,,,,,3,
,,,,,,3,
,,,,,,3,RAGRKTKIIF
,,,,,,2,CVGVRVKVIF
,,,,,,2,CAGFARKIIF
,,,,,,2,CAGFSIKVIF
,,,,,,2,CAGLEGKGIF
,,,,,,2,CAGLVSKLIF
,,,,,,2,CAGSRGKSIF
,,,,,,2,CAGLRAKIIF
,,,,,,2,CAGLVAKIIF
,,,,,,2,CAGLMRKVTF
,,,,,,2,CAGLNIKIIF
,,,,,,2,CAGLFMKLIF
,,,,,,2,CAGLFLKIIF
,,,,,,2,CAGLFTKITF
,,,,,,2,CAGLALRPIF
,,,,,,2,CAGLGAKTIL
,,,,,,2,CAGLKAKLIF
,,,,,,2,CAGLFPKVIF
,,,,,,2,CAGLFTKIIF
,,,,,,2,CAGLCTKTTF
,,,,,,2,CAGLHAKVIF
,,,,,,2,CAGLVTKVIF
,,,,,,2,CAGLAGKGIF
,,,,,,2,CAGLGRKVIF
,,,,,,2,CAGLGRKLIF
,,,,,,2,CAGLIGKLIF
,,,,,,2,CAGPQTKLTF
,,,,,,2,CAGPSIKLIL
,,,,,,2,CAGPKSKIIF
,,,,,,2,CAGPRPKAIF
,,,,,,2,CAGPDPKGIF
,,,,,,2,CAGPDTKDIF
,,,,,,2,CAGPEMKSIF
,,,,,,2,CAGPPAKIIF
,,,,,,2,CAGPKIKTIF
,,,,,,2,CAGRLRKVIL
,,,,,,2,CAGRLKKVIF
,,,,,,2,CAGRPIKMIF
,,,,,,2,CAGRHPEGIF
,,,,,,2,CAGRATKSIF
,,,,,,2,CAGRGGKRIF
,,,,,,2,CAGRERKIIF
,,,,,,2,CAGRLGKLIF
,,,,,,2,CAGRPPKGTF
,,,,,,2,CAGRVTRAIF
,,,,,,2,CAGRNAKRTF
,,,,,,2,CAGRSRKSTF
,,,,,,2,CAGRWLKLTF
,,,,,,2,CAGRITKSTF
,,,,,,2,CAGQRAKTIF
,,,,,,2,CAGVYLKLIF
,,,,,,2,
,,,,,,2,CAGVPAKIIF
,,,,,,2,CAGVQEKRIF
,,,,,,2,CAGVGAKSIF
,,,,,,2,CAGVEMKRIF
,,,,,,2,CAGVIAKIIF
,,,,,,2,
,,,,,,2,CAGVLAKIIS
,,,,,,2,CAGVQIKSTF
,,,,,,2,CAGVSRKVTF
,,,,,,2,CAGVCRKVIF
,,,,,,2,CAGVNRKLTF
,,,,,,2,CAGVYPKVIF
,,,,,,2,CAGVGTKAIF
,,,,,,2,
,,,,,,2,CAGAIIKAVF
,,,,,,2,CAGAIMKFIF
,,,,,,2,CAGAKVRLIF
,,,,,,2,
,,,,,,2,CAGALMKGIF
,,,,,,2,CAGAPTKGIF
,,,,,,2,CAGAMRKTSF
,,,,,,2,CAGAWIKSIL
,,,,,,2,CAGAGVELIF
,,,,,,2,CAGGSRKIIL
,,,,,,2,CAGGTGKVTF
,,,,,,2,CAGGRLKSIF
,,,,,,2,CAGGRVKSIL
,,,,,,2,CAGGFQKIIF
,,,,,,2,CAGGYGKTIF
,,,,,,2,CAGGYNKVIF
,,,,,,2,CAGGEIKTTF
,,,,,,2,CAGGETKAIF
,,,,,,2,
,,,,,,2,CAGGKNKIIF
,,,,,,2,CAGGLAKVIF
,,,,,,2,CAGGVAKRIF
,,,,,,2,CAGGEKKRIF
,,,,,,2,CAGGSGKLIL
,,,,,,2,CAGGKDKIIF
,,,,,,2,CAGIFLKLTF
,,,,,,2,CAGIFLKRIF
,,,,,,2,CAGIFRKLIF
,,,,,,2,CAGIFSKGIF
,,,,,,2,CAGISVEIIF
,,,,,,2,CAGISVKIIF
,,,,,,2,
,,,,,,2,CAGIAVRGIF
,,,,,,2,CAGIIIKLIL
,,,,,,2,CAGIRDKGIF
,,,,,,2,CAGIRTKVIF
,,,,,,2,CAGIKAKIIF
,,,,,,2,CAGIRTKGIF
,,,,,,2,CAGMFIKLIL
,,,,,,2,CAGMSRKLTF
,,,,,,2,CAGMHRKGIL
,,,,,,2,CAGMQSKFIF
,,,,,,2,CAGIFTKVIL
,,,,,,2,CAGISLKGIF
,,,,,,2,CAGILTKITF
,,,,,,2,CAGIKAKGTF
,,,,,,2,CAGTGGKRIF
,,,,,,2,CAGSLVKVIF
,,,,,,2,CAGSHRKLSF
,,,,,,2,CAGSCLKVIF
,,,,,,2,CAGSHDKVIF
,,,,,,2,CAGRTRKLIF
,,,,,,2,CAGRKPKAIF
,,,,,,2,CAGRFGKVIL
,,,,,,2,CAGRFTKSTF
,,,,,,2,CAGRYLKVIL
,,,,,,2,CAGRVPKRIF
,,,,,,2,CAGRGEKISF
,,,,,,2,CAGRESKRTF
,,,,,,2,CAGRTTKAIF
,,,,,,2,CADRKSKIIF
,,,,,,2,CAGLSVKMIF
,,,,,,2,CAGGKRKMIF
,,,,,,2,YAGLSSKLIF
,,,,,,2,RAGRARKLIF
,,,,,,2,RAGGYGKLIF
,,,,,,2,RAGISAKIIF
,,,,,,1,CAGALTKGIL
,,,,,,1,
,,,,,,1,
,,,,,,1,
,,,,,,1,
,,,,,,1,CAGPTPKAIS
,,,,,,1,
,,,,,,1,
,,,,,,1,
,,,,,,1,CAGASLKGIL
,,,,,,1,
,,,,,,1,
,,,,,,1,CAGIPSKGIL
,,,,,,1,
,,,,,,1,
,,,,,,1,
,,,,,,1,CASAHVKGTF
,,,,,,1,CASSGDKIIF
,,,,,,1,
,,,,,,1,
,,,,,,1,CAGVMTKTIF
,,,,,,1,CAGAPLKGIF
,,,,,,1,YAGGYGKLIF
,,,,,,1,RAGLAGKVVF
