sequence_pos,frequency_pos,sequence_neg,frequency_neg
CASSPGLAYEQYF,1300.3,CASSPGLAYEQYF,1111.4
CASSPGLPYEQYF,674.4,CASSPGLPYEQYF,1013.7
CASSPGLVYEQYF,341.0,CASSPGLVYEQYF,317.7
CASSPGLTYEQYF,295.3,CASSPGLTYEQYF,472.5
CASSPDLAYEQYF,283.0,CASSPDLAYEQYF,391.4
CASSPGLDYEQYF,257.0,CASSPGLDYEQYF,413.7
CASSPVLDYEQYF,232.5,,
CASSPGLIYEQYF,203.0,,
CASSPDLPYEQYF,152.0,CASSPDLPYEQYF,246.0
CASSPVLAYEQYF,147.0,CASSPVLAYEQYF,174.7
CASSPGLGYEQYF,137.2,CASSPGLGYEQYF,144.0
CASSPDLTYEQYF,135.0,CASSPDLTYEQYF,236.5
CASSPGLRYEQYF,122.3,CASSPGLRYEQYF,228.0
CASSPALAYEQYF,108.0,CASSPALAYEQYF,129.0
CASSPELPYEQYF,107.0,,
CASSPDLRYEQYF,106.0,CASSPDLRYEQYF,130.0
CASSPVLTYEQYF,104.7,CASSPVLTYEQYF,163.0
CASSPVLVYEQYF,103.0,CASSPVLVYEQYF,112.0
CASSPGLLYEQYF,95.0,CASSPGLLYEQYF,220.5
,,CASSPGLHYEQYF,363.5
,,CASSPGLEYEQYF,336.0
,,CASSPGLQYEQYF,204.5
,,CASSPDLDYEQYF,181.7
,,CASSPDLVYEQYF,137.5
,,CASSPVLRYEQYF,129.0
