Sequence,Replica,Frequency
CACSPSMTQGQYF,1,1.0
CACSPVCSSEQYV,2,1.0
CAGSLITLGEQYF,2,1.0
CAGSPAERYEQYF,1,4.0
CAGSPAETDEQYL,1,1.0
CAGSPAHTPEQYF,2,1.0
CAGSPAPMHEQYF,1,3.0
CAGSPAVMPEQYF,1,1.0
CAGSPGAVQERYF,1,1.0
CAGSPGFREEQYF,2,1.0
CAGSPGGMTEQYF,2,1.0
CAGSPGRPSEQYF,2,1.0
CAGSPGRTLEQYF,2,1.0
CAGSPGRTMEQYF,2,2.0
CAGSPGYITEQYF,1,1.0
CAGSPIRTPEQYF,2,2.0
CAGSPLSLHEQYF,2,1.0
CAGSPLSLIEQYF,2,1.0
CAGSPPGTKEQYF,2,2.0
CAGSPPRTSEQYF,2,2.0
CAGSPRDPLEQYF,2,1.0
CAGSPRKPAEQYF,2,1.0
CAGSPTDTTGQYF,1,1.0
CAGSPTTSGEQYF,1,1.0
CAGSPVAMKEQYF,1,1.0
CAGSPVTRVEQYF,1,1.0
CANGPADTREQYF,2,1.0
CANSPANLPEQYF,1,1.0
CANSPAQIQEQYF,2,1.0
CANSPARTCEQYF,2,1.0
CANSPIKRSEQYF,1,1.0
CANSPVHPEEQYF,1,1.0
CANSPVTTKEQHF,2,1.0
CASGLTGGLEQYF,2,1.0
CASGPATTPEQYF,2,2.0
CASGPGATHEQYF,1,1.0
CASGPGPRFEQYF,2,1.0
CASGPGTVTEQYF,2,1.0
CASGPGYITEQYF,2,1.0
CASGPILGIEQYF,1,2.0
CASGPISRKEQYF,1,1.0
CASGPITPTEQYF,2,2.0
CASGPIVAMEQCF,1,1.0
CASGPIVSGEQYF,2,1.0
CASGPKSPCEQYF,1,1.0
CASGPLLVTGQYF,1,1.0
CASGPPNRSEQCF,2,1.0
CASGPRATTEQYF,2,2.0
CASGPRHALEQYF,2,3.0
CASGPRPVSEQYF,2,3.0
CASGPRSMVEQYF,2,1.0
CASGPSNTMEQYF,2,2.0
CASGPSVVSEQHF,2,1.0
CASGPVHVSEQYF,2,1.0
CASGPVRLCEQYF,2,1.0
CASIPRVLHEQYF,2,1.0
CASIPRYPPEQYF,1,2.0
CASNLAIREEQYF,2,1.0
CASNPGTTGEQYF,2,2.0
CASNPLNAVEQYF,1,1.0
CASNPRPPREQYF,2,77.0
CASRLPTTSEQYF,1,1.0
CASRPGYRNEQYF,2,64.0
CASSLACPREQYF,1,1.0
CASSLGPLREQYF,2,1.0
CASSLGRADEQYF,1,1.0
CASSLLSLIEQYF,2,1.0
CASSLPRTHEQYF,1,1.0
CASSLSLIREQYF,2,1.0
CASSLSPIAEQYF,1,2.0
CASSLTSPTEQYF,2,1.0
CASSLTTLNEQYF,2,1.0
CASSLVHPPEQYF,2,1.0
CASSLVSVAEQYF,1,1.0
CASSPAAAQEQYF,2,62.0
CASSPAAGCEQYF,1,156.0
CASSPAAGNEQYF,1,2.0
CASSPAAGREQYF,2,99.0
CASSPAAIKEQYF,1,15.0
CASSPAAIPEQYF,1,96.0
CASSPAAIPEQYF,2,70.0
CASSPAAIREQYF,1,110.0
CASSPAALAEQYF,1,220.0
CASSPAALPEQYF,2,10.0
CASSPAALQEQYF,1,117.0
CASSPAALREQYF,1,82.0
CASSPAALREQYF,2,144.0
CASSPAAPDEQYF,2,7.0
CASSPAAPPEQYF,2,2.0
CASSPAAPREQYF,1,142.0
CASSPAAPSEQYF,2,77.0
CASSPAAPYEQYF,2,16.0
CASSPAARCEQYF,1,119.0
CASSPAAREEQYF,2,82.0
CASSPAARFEQYF,2,14.0
CASSPAARIEQYF,1,132.0
CASSPAARIEQYF,2,166.0
CASSPAARKEQYF,1,213.0
CASSPAARSEQYF,1,47.0
CASSPAARSEQYF,2,157.0
CASSPAARSEQYL,1,1.0
CASSPAARVEQYF,1,7.0
CASSPAASTEQYF,2,46.0
CASSPAATCEQYF,1,66.0
CASSPAATEEQYF,2,3.0
CASSPAATFEQYF,2,31.0
CASSPAATNEQYF,2,31.0
CASSPAATPEQYF,1,2.0
CASSPAATPEQYF,2,125.0
CASSPAATREQYF,2,65.0
CASSPAAVTEQYF,1,132.0
CASSPAAVTEQYF,2,96.0
CASSPACGKEQYF,1,142.0
CASSPACPHEQYF,1,3.0
CASSPACRREQYF,2,64.0
CASSPACVQEQYF,1,150.0
CASSPADALEQYF,2,20.0
CASSPADAREQYF,2,92.0
CASSPADASEQYF,1,255.0
CASSPADGFEQYF,2,49.0
CASSPADIKERYF,1,2.0
CASSPADISEQYF,2,143.0
CASSPADLGEQYF,1,42.0
CASSPADLIEQYF,2,40.0
CASSPADLREQYF,1,62.0
CASSPADMNEQYF,1,35.0
CASSPADPMEQYF,1,105.0
CASSPADRDEQYF,2,17.0
CASSPADREEQYF,2,22.0
CASSPADRTEQYF,2,49.0
CASSPADSPEQYF,1,456.0
CASSPADTLEQYF,1,78.0
CASSPADTLEQYF,2,60.0
CASSPAEATEQYF,2,68.0
CASSPAEAVEQYF,2,13.0
CASSPAEGAEQYF,1,256.0
CASSPAEGQEQYF,1,21.0
CASSPAELLEQYF,1,180.0
CASSPAELPEQYF,1,20.0
CASSPAEMAEQYF,1,12.0
CASSPAEPAERYF,1,1.0
CASSPAERLEQYF,2,196.0
CASSPAERREQYF,2,46.0
CASSPAERYEQYF,1,177.0
CASSPAESDEQYF,2,198.0
CASSPAETDEQYF,2,329.0
CASSPAETSEQYF,2,50.0
CASSPAFAFEQYF,2,1.0
CASSPAFAREQYF,1,1.0
CASSPAFGREQYF,2,89.0
CASSPAFIIEQYF,1,42.0
CASSPAFPCEQYF,1,3.0
CASSPAFPDEQYF,2,66.0
CASSPAFPFEQYF,2,25.0
CASSPAFREEQYF,1,73.0
CASSPAFRTEQYF,1,66.0
CASSPAFTHEQYF,1,47.0
CASSPAFVEEQYF,1,73.0
CASSPAFVHEQYF,1,51.0
CASSPAFVPEQYF,1,3.0
CASSPAGGEEQYF,2,15.0
CASSPAGGNEQYF,2,122.0
CASSPAGIQEQYF,1,80.0
CASSPAGLGEQYF,1,251.0
CASSPAGLGEQYF,2,91.0
CASSPAGMREQYF,1,90.0
CASSPAGPCEQYF,2,107.0
CASSPAGPIEQYF,2,77.0
CASSPAGPMEQYF,2,84.0
CASSPAGRCEQYF,1,26.0
CASSPAGREEQYF,2,41.0
CASSPAGRKEQYF,2,83.0
CASSPAGRLEQYF,2,1.0
CASSPAGRSEQYF,2,58.0
CASSPAGSFEQYF,2,95.0
CASSPAGSSEQYF,2,110.0
CASSPAGTAEQYF,2,111.0
CASSPAGTLEQYF,2,5.0
CASSPAGTSEQYF,1,37.0
CASSPAGVKEQYF,1,103.0
CASSPAGVREQYF,1,30.0
CASSPAGVSEQYF,2,42.0
CASSPAHAGEQYF,2,4.0
CASSPAHAIEQYF,2,64.0
CASSPAHAREQYF,1,88.0
CASSPAHAREQYF,2,17.0
CASSPAHGTEQYF,2,24.0
CASSPAHIPEQYF,1,5.0
CASSPAHIREQYF,1,15.0
CASSPAHIREQYF,2,54.0
CASSPAHLCEQYF,1,79.0
CASSPAHLFEQYF,1,179.0
CASSPAHLFEQYF,2,99.0
CASSPAHLLEQYF,1,43.0
CASSPAHLLEQYF,2,15.0
CASSPAHLPEQYF,2,6.0
CASSPAHPGEQYF,1,348.0
CASSPAHPGEQYF,2,2.0
CASSPAHPHEQYF,1,109.0
CASSPAHPHGQYF,1,1.0
CASSPAHPKEQYF,2,95.0
CASSPAHPQEQYF,1,91.0
CASSPAHPYEQYF,1,117.0
CASSPAHRMEQYF,1,42.0
CASSPAHRMEQYF,2,194.0
CASSPAHTLEQYF,2,7.0
CASSPAHTPEQYF,2,11.0
CASSPAHTPEQYL,2,1.0
CASSPAHTPKQYF,2,1.0
CASSPAHVIEQYF,1,122.0
CASSPAIAHEQYF,2,1.0
CASSPAIATEQYF,2,39.0
CASSPAIGFEQYF,1,178.0
CASSPAIGSEQYF,1,204.0
CASSPAIGSEQYF,2,168.0
CASSPAIGYEQYF,2,82.0
CASSPAIIREQYF,2,97.0
CASSPAILREQYF,1,159.0
CASSPAIMTEQYF,1,67.0
CASSPAIMYEQYF,2,84.0
CASSPAIPAEQYF,1,32.0
CASSPAIPAEQYF,2,11.0
CASSPAIPHEQYF,2,55.0
CASSPAIPPEQYF,2,90.0
CASSPAIPSEQYF,2,228.0
CASSPAIRCEQYF,1,135.0
CASSPAIRQEQYF,2,114.0
CASSPAIRREQYF,2,194.0
CASSPAIRVEQYF,2,17.0
CASSPAISGEQYF,2,72.0
CASSPAIVHEQYF,2,18.0
CASSPAIVHEQYS,2,1.0
CASSPAIVVEQYF,2,10.0
CASSPAKGREQYF,2,77.0
CASSPAKINEQYF,2,115.0
CASSPAKLAEQCF,1,1.0
CASSPAKLAEQYF,1,12.0
CASSPAKLLEQYF,2,65.0
CASSPAKLSEQYF,2,58.0
CASSPAKMREQYF,1,239.0
CASSPAKPTEQYF,2,62.0
CASSPAKRDEQYF,1,17.0
CASSPAKREEQYF,2,88.0
CASSPAKRNEQYF,2,66.0
CASSPAKRSEQYF,1,118.0
CASSPAKRYEQYF,2,79.0
CASSPAKVQEQYF,2,49.0
CASSPALAIEQYF,2,11.0
CASSPALALEQYF,1,54.0
CASSPALAPEQYF,1,74.0
CASSPALASEQYF,1,56.0
CASSPALATEQYF,2,219.0
CASSPALGAEQYF,2,60.0
CASSPALGGEQYF,2,26.0
CASSPALGIEQYF,2,29.0
CASSPALGSEQYF,1,186.0
CASSPALGTEQYF,2,47.0
CASSPALGVEQYF,2,24.0
CASSPALIREQYF,2,69.0
CASSPALITEQYF,1,208.0
CASSPALITEQYF,2,102.0
CASSPALLAEQYF,1,65.0
CASSPALLNEQYF,2,108.0
CASSPALLREQYF,2,24.0
CASSPALLSEQYF,2,48.0
CASSPALPEEQYF,1,37.0
CASSPALPEEQYF,2,30.0
CASSPALPHEQYF,2,44.0
CASSPALPPEQYF,2,14.0
CASSPALPREQYF,2,18.0
CASSPALPYEQYF,1,9.0
CASSPALPYEQYF,2,20.0
CASSPALRDEQYF,2,86.0
CASSPALRIEQYF,2,103.0
CASSPALRLEQYF,2,21.0
CASSPALRNEQYF,1,12.0
CASSPALRNEQYF,2,194.0
CASSPALRPEQYF,1,166.0
CASSPALRSEQYF,1,221.0
CASSPALRSEQYF,2,58.0
CASSPALSEEQYF,1,47.0
CASSPALSFEQYF,2,118.0
CASSPALTAEQYF,2,28.0
CASSPALTKEQYF,2,81.0
CASSPALTQEQYF,2,117.0
CASSPALTTEQYF,2,116.0
CASSPALTYEQYF,2,67.0
CASSPALVLEQYF,2,90.0
CASSPALVMEQYF,2,89.0
CASSPALVQEQYF,1,21.0
CASSPALVYEQYF,1,7.0
CASSPAMALEQYF,2,44.0
CASSPAMISEQYF,2,30.0
CASSPAMLAEQYF,2,187.0
CASSPAMVHEQYF,2,202.0
CASSPANACEQYF,2,72.0
CASSPANAREQYF,1,53.0
CASSPANIDEQYF,1,104.0
CASSPANIREQYF,1,19.0
CASSPANLQEQYF,2,28.0
CASSPANLSEQYF,1,87.0
CASSPANPAEQYF,2,85.0
CASSPANRREQYF,2,66.0
CASSPANRYEQYF,2,45.0
CASSPANSEEQYF,1,180.0
CASSPANTHEQYF,2,20.0
CASSPANTLEQYF,1,42.0
CASSPANTPEQYF,2,1.0
CASSPANTSEQYF,2,200.0
CASSPANVHEQYF,1,166.0
CASSPANVVEQYF,1,150.0
CASSPAPACEQYF,2,11.0
CASSPAPAEEQYF,1,69.0
CASSPAPANEQYF,2,65.0
CASSPAPAPEQYF,1,47.0
CASSPAPAQEQYF,2,25.0
CASSPAPAREQYF,1,2.0
CASSPAPAREQYF,2,263.0
CASSPAPGAEQYF,2,14.0
CASSPAPGGEQYF,2,1.0
CASSPAPGIEQYF,2,111.0
CASSPAPGLEQYF,2,21.0
CASSPAPGQEQYF,2,89.0
CASSPAPGREQYF,2,15.0
CASSPAPGYEQCF,2,2.0
CASSPAPGYEQYF,2,69.0
CASSPAPHNEQYF,2,1.0
CASSPAPIAEQYF,2,51.0
CASSPAPIDEQYF,2,152.0
CASSPAPIGEQYF,2,24.0
CASSPAPIKEQYF,2,55.0
CASSPAPITEQYF,2,1.0
CASSPAPLDEQYF,1,147.0
CASSPAPLDEQYF,2,66.0
CASSPAPLREQYF,2,124.0
CASSPAPLSEQYF,2,29.0
CASSPAPMEEQYF,2,39.0
CASSPAPMHEQYF,1,146.0
CASSPAPMREQYF,1,121.0
CASSPAPPAEQYF,2,18.0
CASSPAPPEEQYF,1,188.0
CASSPAPPKEQYF,2,89.0
CASSPAPPSEQYF,1,3.0
CASSPAPPTEQYF,2,28.0
CASSPAPPYEQYF,1,76.0
CASSPAPPYEQYF,2,188.0
CASSPAPRIEQYF,1,59.0
CASSPAPRLEQYF,1,1.0
CASSPAPRNEQYF,2,13.0
CASSPAPRREQYF,1,64.0
CASSPAPSFEQYF,1,31.0
CASSPAPSKEQCF,1,3.0
CASSPAPSKEQYF,2,43.0
CASSPAPTDEQYF,2,12.0
CASSPAPTIERYF,2,2.0
CASSPAPTLEQYF,2,79.0
CASSPAPTPEQYF,2,30.0
CASSPAPTREQYF,2,8.0
CASSPAPTSEQYF,1,35.0
CASSPAPVDEQYF,2,2.0
CASSPAPVHEQYF,1,112.0
CASSPAPVHEQYF,2,2.0
CASSPAPVPEQYF,1,33.0
CASSPAPVREQYF,1,110.0
CASSPAPVSEQYF,2,167.0
CASSPAQIHEQYF,2,72.0
CASSPAQIQEQYF,1,200.0
CASSPAQIQEQYF,2,103.0
CASSPAQIREQYF,1,298.0
CASSPAQIREQYF,2,209.0
CASSPAQLNEQYF,2,73.0
CASSPAQLQEQYF,1,33.0
CASSPAQPDEQYF,2,92.0
CASSPAQPPGQYF,2,1.0
CASSPAQPREQYF,2,26.0
CASSPAQREEQYF,1,260.0
CASSPAQRIEQYF,1,96.0
CASSPAQRNEQYF,1,97.0
CASSPAQRNEQYF,2,7.0
CASSPAQRPEQYF,2,161.0
CASSPAQRREQYF,2,88.0
CASSPAQRSEQYF,2,59.0
CASSPAQRTEQYF,1,47.0
CASSPAQRYEQYF,2,57.0
CASSPAQSIEQYF,2,12.0
CASSPAQSQEQYF,2,17.0
CASSPAQSREQYF,2,21.0
CASSPAQTFEQYF,1,315.0
CASSPAQTNEQYF,1,2.0
CASSPAQVAEQYF,1,74.0
CASSPAQVPEQYF,1,17.0
CASSPAQVQEQYF,2,45.0
CASSPAQVREQYF,2,47.0
CASSPAQVVEQYF,1,5.0
CASSPARAAEQYF,2,2.0
CASSPARGSEQYF,2,100.0
CASSPARIGEQYF,2,84.0
CASSPARIHEQYF,2,1.0
CASSPARILEQYF,1,5.0
CASSPARIYEQYF,2,23.0
CASSPARLAEQYF,1,15.0
CASSPARLIEQYF,2,89.0
CASSPARLPEQYF,2,123.0
CASSPARLTEQYF,2,79.0
CASSPARMKEQYF,1,8.0
CASSPARMQEQYF,2,105.0
CASSPARPDEQYF,2,11.0
CASSPARPIEQYF,1,21.0
CASSPARPIEQYF,2,53.0
CASSPARPIEQYI,1,1.0
CASSPARPIEQYL,1,1.0
CASSPARPLEQYF,1,28.0
CASSPARPPEQYF,2,96.0
CASSPARPQEQYF,2,108.0
CASSPARRAEQYF,2,57.0
CASSPARRCEQYF,2,2.0
CASSPARREEQYF,1,35.0
CASSPARRGEQYF,2,31.0
CASSPARRNEQYF,2,91.0
CASSPARRREQYF,1,181.0
CASSPARRSEQYF,2,31.0
CASSPARRTEQYF,1,30.0
CASSPARRVEQYF,1,63.0
CASSPARSCEQYF,2,42.0
CASSPARSDEQYF,2,23.0
CASSPARSHEQYF,2,4.0
CASSPARSIEQYF,1,75.0
CASSPARTCEQYF,2,232.0
CASSPARTEEQYF,2,157.0
CASSPARTLEQYF,2,9.0
CASSPARTNEQYF,1,48.0
CASSPARTPEQYF,2,51.0
CASSPARTREQYF,2,1.0
CASSPARTTEQYF,2,15.0
CASSPARVFEQYF,1,124.0
CASSPARVIEQYF,1,5.0
CASSPARVQEQYF,1,4.0
CASSPARVREQYF,1,155.0
CASSPARVREQYF,2,107.0
CASSPARVWEQYF,2,5.0
CASSPASACEQYF,2,112.0
CASSPASAREQYF,2,75.0
CASSPASASEQYF,1,140.0
CASSPASGAEQYF,1,91.0
CASSPASGKEQYF,2,68.0
CASSPASGPEQYF,2,6.0
CASSPASHIEQYF,1,1.0
CASSPASICEQYF,1,71.0
CASSPASIDEQYF,2,75.0
CASSPASIGEQYF,2,74.0
CASSPASILEQYF,1,63.0
CASSPASIPEQYF,2,119.0
CASSPASLFEQYF,2,72.0
CASSPASLMEQYF,2,135.0
CASSPASLNEQYF,1,111.0
CASSPASMCEQYF,1,57.0
CASSPASPCEQYF,1,56.0
CASSPASPFEQYF,2,76.0
CASSPASPGEQYF,1,23.0
CASSPASPIEQYF,1,48.0
CASSPASPLEQYF,1,128.0
CASSPASPQEQYF,2,21.0
CASSPASPREQYF,2,168.0
CASSPASPTEQYF,2,110.0
CASSPASRAEQYF,1,251.0
CASSPASRFEQYF,2,108.0
CASSPASRIEQYF,1,103.0
CASSPASRLEQYF,2,133.0
CASSPASRNEQYF,2,182.0
CASSPASRSEQYF,1,409.0
CASSPASRSEQYF,2,272.0
CASSPASRTEQYF,2,46.0
CASSPASRVEQYF,1,74.0
CASSPASRYEQYF,2,128.0
CASSPASSCEQYF,1,47.0
CASSPASSNEQYF,2,56.0
CASSPASTEEQYF,2,82.0
CASSPASTIEQYF,2,97.0
CASSPASTLEQYF,2,24.0
CASSPASTREQYF,1,116.0
CASSPASVCEQYF,2,194.0
CASSPASVREQYF,1,131.0
CASSPATAFEQYF,2,92.0
CASSPATENEQYF,2,91.0
CASSPATGGEQYF,2,30.0
CASSPATGLEQYF,1,82.0
CASSPATGREQYF,2,103.0
CASSPATITEQYF,2,12.0
CASSPATIVEQYF,2,22.0
CASSPATLDEQYF,1,103.0
CASSPATLPEQYF,1,158.0
CASSPATLREQYF,1,138.0
CASSPATLSEQYF,1,40.0
CASSPATLVEQYF,2,31.0
CASSPATMLEQYF,1,169.0
CASSPATPAEQYF,1,30.0
CASSPATPAEQYF,2,238.0
CASSPATPIEQYF,2,55.0
CASSPATPNEQYF,1,225.0
CASSPATPPEQYF,1,25.0
CASSPATPPEQYF,2,81.0
CASSPATPREQYF,1,25.0
CASSPATPREQYF,2,41.0
CASSPATRAEQYF,1,109.0
CASSPATRGEQYF,1,5.0
CASSPATRLEQYF,1,150.0
CASSPATRNEQYF,2,78.0
CASSPATRPEQYF,2,101.0
CASSPATRQEQYF,1,42.0
CASSPATRQEQYF,2,46.0
CASSPATRREQYF,1,192.0
CASSPATRREQYF,2,88.0
CASSPATRSEQYF,1,196.0
CASSPATRSEQYF,2,29.0
CASSPATSFEQYF,2,38.0
CASSPATSGEQYF,2,5.0
CASSPATSKEQYF,1,52.0
CASSPATSTEQYF,1,66.0
CASSPATTCEQYF,2,19.0
CASSPATTFEQYF,1,76.0
CASSPATTGEQYF,2,70.0
CASSPATTQEQYF,1,9.0
CASSPATTTEQYF,1,71.0
CASSPATVPEQYF,1,2.0
CASSPATVREQYF,1,54.0
CASSPAVAIEQYF,1,62.0
CASSPAVAKEQYF,1,102.0
CASSPAVALEQYF,1,155.0
CASSPAVANEQYF,1,124.0
CASSPAVGLEQYF,2,78.0
CASSPAVGNEQYF,1,74.0
CASSPAVGQEQYF,1,73.0
CASSPAVLAEQYF,1,37.0
CASSPAVLSEQYF,2,70.0
CASSPAVMREQYF,1,3.0
CASSPAVPLEQYF,2,20.0
CASSPAVPNEQYF,2,28.0
CASSPAVPYEQYF,2,140.0
CASSPAVRCEQYF,1,48.0
CASSPAVRGEQYF,2,27.0
CASSPAVRLEQYF,2,152.0
CASSPAVRPEQYF,2,44.0
CASSPAVRVEQYF,2,20.0
CASSPAVTPEQYF,1,76.0
CASSPAVTSEQYF,2,83.0
CASSPAVTSEQYL,2,2.0
CASSPAVVAEQYF,1,25.0
CASSPAVVGEQYF,1,52.0
CASSPAVVLEQYF,2,3.0
CASSPAWRSEQYF,1,6.0
CASSPAWRSEQYF,2,3.0
CASSPAYGLEQYF,2,59.0
CASSPAYGQEQYF,2,65.0
CASSPAYLCEQYF,2,70.0
CASSPAYLVEQYF,2,81.0
CASSPAYPLEQYF,2,59.0
CASSPAYPVEQCF,2,2.0
CASSPAYPVEQYF,2,83.0
CASSPAYRNEQYF,2,88.0
CASSPAYRSEQYF,1,89.0
CASSPAYSAEQYF,1,1.0
CASSPDSRYEQYF,1,1.0
CASSPGAGAEQYF,2,78.0
CASSPGAIDEQYF,2,21.0
CASSPGAIIEQYF,1,137.0
CASSPGAIREQYF,1,26.0
CASSPGAIREQYF,2,124.0
CASSPGAMGEQYF,2,28.0
CASSPGAMSEQYF,2,30.0
CASSPGAPAEQYF,2,229.0
CASSPGAPFEQYF,2,78.0
CASSPGAPKEQYF,1,113.0
CASSPGARAEQYF,1,166.0
CASSPGARPEQYF,1,106.0
CASSPGARREQYF,2,46.0
CASSPGARSEQYF,2,97.0
CASSPGARTEQYF,1,90.0
CASSPGARTEQYF,2,29.0
CASSPGARYEQYF,2,140.0
CASSPGASQEQYF,1,247.0
CASSPGATDEQCF,2,1.0
CASSPGATDEQYF,1,144.0
CASSPGATEEQYF,1,64.0
CASSPGATKEQYF,2,155.0
CASSPGATYEQYF,1,26.0
CASSPGATYEQYL,1,1.0
CASSPGAVAEQYF,2,48.0
CASSPGAVGEQYF,2,118.0
CASSPGAVGERYF,1,1.0
CASSPGAVLEQYF,2,11.0
CASSPGAVPEQYF,1,67.0
CASSPGAVQELCF,1,1.0
CASSPGAVQEQYF,1,621.0
CASSPGAVQEQYF,2,253.0
CASSPGAVSEQYF,1,66.0
CASSPGAVSEQYF,2,136.0
CASSPGAVTEQYF,2,127.0
CASSPGCALEQYF,2,70.0
CASSPGCPREQYF,1,1.0
CASSPGCPYEQYF,2,74.0
CASSPGCSREQYF,1,45.0
CASSPGCTSEQYF,1,49.0
CASSPGCVREQYF,2,2.0
CASSPGDANEQYF,2,123.0
CASSPGDATEQYF,1,222.0
CASSPGDGAEQYF,1,300.0
CASSPGDGHEQYF,2,135.0
CASSPGDGSEQYF,2,218.0
CASSPGDIDEQYF,1,37.0
CASSPGDPPEQYF,2,107.0
CASSPGDPTEQYF,2,60.0
CASSPGDPYEQYF,2,110.0
CASSPGDRGEQYF,2,158.0
CASSPGDRLEQYF,2,79.0
CASSPGDTHEQYF,1,24.0
CASSPGDTHEQYF,2,51.0
CASSPGDTSEQYF,1,166.0
CASSPGDTSEQYF,2,100.0
CASSPGDTWEQYF,2,67.0
CASSPGDVQEQYF,2,129.0
CASSPGEALEQYF,2,120.0
CASSPGEAVEQYF,1,58.0
CASSPGEILEQYF,1,236.0
CASSPGELAEQYF,1,307.0
CASSPGELAEQYF,2,91.0
CASSPGELHEQYF,2,2.0
CASSPGEPLEQYF,2,62.0
CASSPGEPNEQYF,1,36.0
CASSPGEPYEQYF,1,83.0
CASSPGEPYEQYF,2,32.0
CASSPGERLEQYF,2,42.0
CASSPGERPEQYF,1,284.0
CASSPGERREQYF,2,21.0
CASSPGERTEQYF,2,132.0
CASSPGESLEQYF,1,79.0
CASSPGETDEQYF,1,151.0
CASSPGEVREQYS,1,1.0
CASSPGEVSEQYF,2,88.0
CASSPGFACEQYF,1,48.0
CASSPGFACEQYF,2,21.0
CASSPGFADEQYF,1,90.0
CASSPGFAGEQYF,1,67.0
CASSPGFAGEQYF,2,23.0
CASSPGFAIEQYF,1,42.0
CASSPGFGLEQYF,1,89.0
CASSPGFGREQYF,1,158.0
CASSPGFGREQYF,2,54.0
CASSPGFILEQYF,2,52.0
CASSPGFITEQYF,2,70.0
CASSPGFLEEQYF,2,30.0
CASSPGFLPEQYF,1,30.0
CASSPGFLYEQYF,1,79.0
CASSPGFMYEQYF,2,68.0
CASSPGFRAEQYF,1,18.0
CASSPGFRCEQYF,1,5.0
CASSPGFREEQYF,2,170.0
CASSPGFRYEQYF,1,153.0
CASSPGFSLEQYF,1,2.0
CASSPGFVHEQYF,2,13.0
CASSPGFVIEQYF,1,24.0
CASSPGFVREQYF,1,3.0
CASSPGGADEQHF,1,1.0
CASSPGGAVEQYF,2,16.0
CASSPGGGDEQYF,1,39.0
CASSPGGGGEQYF,1,110.0
CASSPGGGLEQYF,2,146.0
CASSPGGGSEQYF,1,219.0
CASSPGGGVEQYF,2,25.0
CASSPGGIMEQYF,2,29.0
CASSPGGIQEQYF,2,110.0
CASSPGGIREQYF,1,218.0
CASSPGGLDEQYF,1,112.0
CASSPGGLNEQYF,1,293.0
CASSPGGMCEQYF,2,32.0
CASSPGGMREQYF,2,92.0
CASSPGGPEEQYF,2,90.0
CASSPGGPVEQYF,1,119.0
CASSPGGPYEQYF,1,14.0
CASSPGGRCEQYF,2,188.0
CASSPGGRLEQYF,2,79.0
CASSPGGRNEQYF,2,140.0
CASSPGGRVEQYF,1,32.0
CASSPGGTDEQYF,2,1.0
CASSPGGTQEQYF,2,109.0
CASSPGGTVEQYF,2,4.0
CASSPGGVMEQYF,2,89.0
CASSPGGVREQYF,2,230.0
CASSPGHACEQYF,2,183.0
CASSPGHGEEQYF,2,103.0
CASSPGHGLEQYF,2,28.0
CASSPGHIPEQYF,1,88.0
CASSPGHLHEQYF,1,6.0
CASSPGHLLEQYF,1,43.0
CASSPGHLLEQYF,2,116.0
CASSPGHLPEQYF,2,94.0
CASSPGHLVEQYF,2,135.0
CASSPGHLYEQYF,1,75.0
CASSPGHPFEQYF,2,42.0
CASSPGHPQEQYF,2,159.0
CASSPGHPVEQYF,2,100.0
CASSPGHREEQYF,2,114.0
CASSPGHRFEQYF,2,160.0
CASSPGHRHEQYF,2,111.0
CASSPGHRLEQYF,1,215.0
CASSPGHRREQYF,2,95.0
CASSPGHSSEQYF,2,53.0
CASSPGHTIEQYF,1,53.0
CASSPGHTLEQYF,2,79.0
CASSPGHTVEQYF,1,102.0
CASSPGHVLEQYF,1,193.0
CASSPGHVREQYF,1,43.0
CASSPGHVYEQYF,1,53.0
CASSPGIAAEQYF,2,31.0
CASSPGIACEQYF,2,67.0
CASSPGIAIEQYF,2,187.0
CASSPGIGLEQYF,2,141.0
CASSPGIGREQYF,1,251.0
CASSPGIICEQYF,2,2.0
CASSPGIIPEQYF,2,52.0
CASSPGILEEQYF,1,78.0
CASSPGILREQYF,2,23.0
CASSPGIPHEQYF,1,263.0
CASSPGIPNEQYF,2,76.0
CASSPGIPTEQYF,1,74.0
CASSPGIRIEQYF,2,1.0
CASSPGIRREQYF,2,21.0
CASSPGIRYEQYF,1,244.0
CASSPGITKEQYF,2,56.0
CASSPGITREQYF,1,43.0
CASSPGIVNEQYF,2,57.0
CASSPGKALEQYF,2,62.0
CASSPGKAREQYF,2,99.0
CASSPGKASEQYF,2,108.0
CASSPGKGNGQYF,2,2.0
CASSPGKGREQYL,1,1.0
CASSPGKGYEQYF,2,2.0
CASSPGKILEQYF,2,68.0
CASSPGKMAEQYF,1,71.0
CASSPGKMAEQYF,2,39.0
CASSPGKMREQYF,2,51.0
CASSPGKPFEQYF,2,94.0
CASSPGKPNEQYF,1,104.0
CASSPGKPVEQYF,2,133.0
CASSPGKRSEQYF,2,65.0
CASSPGKRTEQYF,2,94.0
CASSPGKRVEQYF,2,59.0
CASSPGKSGEQYF,1,110.0
CASSPGKSHEQYF,2,85.0
CASSPGKSREQYF,1,52.0
CASSPGKTKEQYF,2,59.0
CASSPGKVFEQYF,2,70.0
CASSPGLAAEQYF,2,124.0
CASSPGLACEQYF,2,202.0
CASSPGLAIEQYF,1,114.0
CASSPGLAMEQYF,2,27.0
CASSPGLANEQYF,1,156.0
CASSPGLASEQYF,1,102.0
CASSPGLATEQYF,2,83.0
CASSPGLAVEQYF,2,135.0
CASSPGLAYEQYF,1,22343.0
CASSPGLAYEQYF,2,20001.0
CASSPGLGGEQYF,2,9.0
CASSPGLGHEQCF,2,1.0
CASSPGLGQEQYF,2,125.0
CASSPGLGSEQYF,1,104.0
CASSPGLGTEQYF,2,115.0
CASSPGLGVEQYF,2,20.0
CASSPGLIAEQYF,2,72.0
CASSPGLICEQYF,1,136.0
CASSPGLIGEQYF,2,123.0
CASSPGLIIEQYF,1,66.0
CASSPGLIREQYF,2,87.0
CASSPGLIREQYL,2,2.0
CASSPGLIYEQYF,2,91.0
CASSPGLLFEQYF,1,59.0
CASSPGLLLEQYF,2,118.0
CASSPGLLSEQYF,2,22.0
CASSPGLMQEQYF,2,91.0
CASSPGLPFEQYF,1,69.0
CASSPGLPHEQYF,2,43.0
CASSPGLPLEQYF,2,37.0
CASSPGLPREQYF,2,127.0
CASSPGLPVEQYF,1,131.0
CASSPGLRAEQYF,1,409.0
CASSPGLRAEQYF,2,31.0
CASSPGLRIEQYF,2,108.0
CASSPGLRREQYF,1,186.0
CASSPGLRRERYL,1,1.0
CASSPGLRVEQYF,1,460.0
CASSPGLRVEQYF,2,328.0
CASSPGLRYEQYF,2,43.0
CASSPGLSAEQYF,2,101.0
CASSPGLSLEQYF,2,89.0
CASSPGLSREQYF,1,75.0
CASSPGLSVEQYF,2,151.0
CASSPGLTLEQYF,1,110.0
CASSPGLTREQYF,1,169.0
CASSPGLTREQYF,2,66.0
CASSPGLTTEQYF,2,132.0
CASSPGLTVEQYF,2,241.0
CASSPGLVHEQYF,2,70.0
CASSPGLVIEQCF,2,1.0
CASSPGLVKEQYF,2,4.0
CASSPGLVQEQYF,2,19.0
CASSPGLVVEQYF,2,173.0
CASSPGMIYEQYF,2,25.0
CASSPGMLTEQYF,2,28.0
CASSPGMPPEQYF,1,232.0
CASSPGMRREQYF,2,113.0
CASSPGMRVEQYF,2,90.0
CASSPGMTIEQYF,2,105.0
CASSPGNASEQYF,2,119.0
CASSPGNAVEQYF,2,113.0
CASSPGNGIEQYF,2,82.0
CASSPGNGREQYF,1,197.0
CASSPGNLQEQYF,1,176.0
CASSPGNLSEQYF,2,96.0
CASSPGNPNEQYF,2,193.0
CASSPGNRCEQYF,2,24.0
CASSPGNRKEQYF,1,147.0
CASSPGNTHEQYF,1,198.0
CASSPGNTIEQYF,1,59.0
CASSPGNTMEQYF,2,2.0
CASSPGNTPEQYF,2,115.0
CASSPGNTREQYF,2,27.0
CASSPGNTTEQYF,1,2.0
CASSPGNTVEQCF,1,1.0
CASSPGNTYEQYF,2,66.0
CASSPGNVREQYF,2,230.0
CASSPGNVRGQYF,2,2.0
CASSPGNVTEQYF,2,5.0
CASSPGPADEQYF,2,188.0
CASSPGPAGEQYF,2,83.0
CASSPGPAREQYF,1,2.0
CASSPGPAREQYF,2,26.0
CASSPGPASEQYF,1,24.0
CASSPGPASEQYF,2,72.0
CASSPGPAVEQYF,2,13.0
CASSPGPGAEQYF,2,11.0
CASSPGPGPEQYF,1,134.0
CASSPGPGSEQYF,1,193.0
CASSPGPGSEQYF,2,20.0
CASSPGPGYEQYF,1,152.0
CASSPGPGYEQYF,2,156.0
CASSPGPILEQYF,2,98.0
CASSPGPISEQYF,1,87.0
CASSPGPLGEQYF,1,177.0
CASSPGPLTEQYF,2,4.0
CASSPGPPCEQYF,2,124.0
CASSPGPPDEQYF,1,147.0
CASSPGPPEEQYF,2,87.0
CASSPGPPIEQYF,1,59.0
CASSPGPPKEQYF,1,82.0
CASSPGPPPEQYF,2,84.0
CASSPGPPREQYF,1,1.0
CASSPGPPSEQYF,1,120.0
CASSPGPRCEQYF,2,149.0
CASSPGPRDEQYF,2,91.0
CASSPGPRFEQYF,2,12.0
CASSPGPRIEQYF,2,25.0
CASSPGPRLEQYF,1,281.0
CASSPGPRPEQYF,1,147.0
CASSPGPRREQYF,2,81.0
CASSPGPRSEQYF,1,78.0
CASSPGPRSEQYF,2,24.0
CASSPGPSCEQYF,1,15.0
CASSPGPSCEQYF,2,121.0
CASSPGPSGEQYF,2,71.0
CASSPGPSPEQYF,2,6.0
CASSPGPSREQYF,2,171.0
CASSPGPSSEQYF,1,2.0
CASSPGPTGEQYF,2,97.0
CASSPGPTLEQYF,2,93.0
CASSPGPTSEQYF,2,26.0
CASSPGPTTEQYF,1,27.0
CASSPGPVCEQYF,1,116.0
CASSPGPVQEQYF,1,2.0
CASSPGPVSEQYF,2,106.0
CASSPGQAAEQYF,2,26.0
CASSPGQADEQYF,1,178.0
CASSPGQAVEQYF,2,94.0
CASSPGQGFEQYF,1,31.0
CASSPGQGIEQYF,2,166.0
CASSPGQGSEQYF,2,17.0
CASSPGQIAEQYF,1,71.0
CASSPGQIAEQYF,2,60.0
CASSPGQIEEQYF,1,47.0
CASSPGQIKEQYF,1,93.0
CASSPGQLFEQYF,2,104.0
CASSPGQLIEQYF,1,128.0
CASSPGQLLEQYF,2,4.0
CASSPGQLSEQYF,2,61.0
CASSPGQMKEQYF,2,1.0
CASSPGQMVEQYF,2,210.0
CASSPGQPFEQYF,1,210.0
CASSPGQPFEQYF,2,182.0
CASSPGQPIEQYF,2,21.0
CASSPGQPLEQYF,2,85.0
CASSPGQPNEQYF,2,61.0
CASSPGQPTEQYF,2,7.0
CASSPGQRFEQYF,1,174.0
CASSPGQRGEQYF,1,48.0
CASSPGQRGEQYF,2,24.0
CASSPGQRKEQYF,1,4.0
CASSPGQRLEQYF,2,122.0
CASSPGQRQEQYF,2,89.0
CASSPGQRSEQYF,1,27.0
CASSPGQSIEQYF,2,1.0
CASSPGQSNEQYF,2,87.0
CASSPGQTLEQYF,1,270.0
CASSPGQTNEQYF,2,5.0
CASSPGQTPEQYF,1,2.0
CASSPGRAAEQYF,1,104.0
CASSPGRADEQYF,1,6.0
CASSPGRAGEQYF,1,193.0
CASSPGRAHEQYF,2,66.0
CASSPGRAHEQYL,2,2.0
CASSPGRAREQYF,1,40.0
CASSPGRASEQYF,1,161.0
CASSPGRATEQYF,1,236.0
CASSPGRATEQYF,2,134.0
CASSPGRDGEQYF,1,40.0
CASSPGRDGEQYF,2,4.0
CASSPGRGKEQYF,2,47.0
CASSPGRGSEQYF,2,104.0
CASSPGRIFEQYF,1,106.0
CASSPGRIQEQYF,2,65.0
CASSPGRITEQYF,1,171.0
CASSPGRLAEQYF,2,4.0
CASSPGRLDEQYF,1,17.0
CASSPGRLLEQYF,2,39.0
CASSPGRLSEQYF,2,106.0
CASSPGRLTEQYF,1,83.0
CASSPGRLTEQYF,2,116.0
CASSPGRLVEQYF,2,107.0
CASSPGRLYEQYF,2,48.0
CASSPGRMQEQYF,1,40.0
CASSPGRMREQYF,2,65.0
CASSPGRMTEQYF,2,113.0
CASSPGRPAEQYF,1,93.0
CASSPGRPDEQYF,1,197.0
CASSPGRPDEQYF,2,92.0
CASSPGRPGEQYF,1,98.0
CASSPGRPGEQYF,2,13.0
CASSPGRPREQYF,2,84.0
CASSPGRPSEQYF,2,160.0
CASSPGRRAEQYF,2,169.0
CASSPGRRDEQYF,2,10.0
CASSPGRREEQYF,1,82.0
CASSPGRRGEQYF,2,406.0
CASSPGRRHEQYF,1,124.0
CASSPGRRHEQYF,2,107.0
CASSPGRRKEQYF,2,103.0
CASSPGRRLEQYF,2,128.0
CASSPGRRREQYF,1,22.0
CASSPGRRSEQYF,1,180.0
CASSPGRRSEQYF,2,92.0
CASSPGRRTEQYF,1,202.0
CASSPGRRTEQYF,2,90.0
CASSPGRRVEQYF,2,157.0
CASSPGRSAEQYF,1,194.0
CASSPGRSLEQYF,1,51.0
CASSPGRSREQYF,2,65.0
CASSPGRSSEQYF,2,86.0
CASSPGRSTEQYF,1,35.0
CASSPGRTCEQYF,2,124.0
CASSPGRTDEQYF,2,81.0
CASSPGRTFEQYF,1,103.0
CASSPGRTLEQYF,1,77.0
CASSPGRTLEQYF,2,336.0
CASSPGRTMEQYF,2,2.0
CASSPGRTPEQYF,1,253.0
CASSPGRTPEQYF,2,114.0
CASSPGRTSEQYF,2,107.0
CASSPGRTYEQYF,1,57.0
CASSPGRVAEQYF,1,42.0
CASSPGRVFEQYF,1,12.0
CASSPGRVFERYF,1,2.0
CASSPGRVLEQYF,1,4.0
CASSPGRVLEQYL,1,1.0
CASSPGRVREQYF,2,75.0
CASSPGRVTEQYF,2,107.0
CASSPGSAEEQYF,1,95.0
CASSPGSAEEQYF,2,104.0
CASSPGSALEQYF,2,33.0
CASSPGSAPEQYF,2,53.0
CASSPGSAREQYF,2,126.0
CASSPGSASEQYF,1,241.0
CASSPGSASEQYF,2,29.0
CASSPGSAYEQYF,1,165.0
CASSPGSGAEQYF,2,20.0
CASSPGSGFEQYF,2,62.0
CASSPGSGLEQYF,2,108.0
CASSPGSGPEQYF,1,106.0
CASSPGSIAEQYF,2,5.0
CASSPGSILEQYF,2,31.0
CASSPGSITEQYF,1,129.0
CASSPGSITEQYF,2,43.0
CASSPGSLFEQYF,2,37.0
CASSPGSLHEQYF,1,18.0
CASSPGSLIEQYF,1,258.0
CASSPGSLIEQYF,2,85.0
CASSPGSLREQYF,2,10.0
CASSPGSLREQYL,2,1.0
CASSPGSLTEQYF,1,1.0
CASSPGSPGEQYF,2,86.0
CASSPGSPMEQYF,1,127.0
CASSPGSPNEQYF,1,40.0
CASSPGSPREQYF,2,54.0
CASSPGSPVEQYF,2,18.0
CASSPGSRDEQYF,1,46.0
CASSPGSRHEQYF,2,69.0
CASSPGSRLEQYF,1,665.0
CASSPGSRLEQYF,2,8.0
CASSPGSRNEQYF,1,201.0
CASSPGSRNEQYL,1,1.0
CASSPGSRPEQYF,2,112.0
CASSPGSRQEQYF,2,22.0
CASSPGSRSEQYF,1,262.0
CASSPGSRTEQYF,1,120.0
CASSPGSRTEQYF,2,80.0
CASSPGSRVEQYF,2,110.0
CASSPGSRYEQYF,1,12.0
CASSPGSRYEQYF,2,174.0
CASSPGSSGEQYF,1,113.0
CASSPGSSIEQYF,2,173.0
CASSPGSSMEQYF,1,125.0
CASSPGSSNEQYF,2,262.0
CASSPGSTCEQYF,2,178.0
CASSPGSTKEQYF,2,104.0
CASSPGSTLEQYF,1,118.0
CASSPGSTNEQYF,2,201.0
CASSPGSTSEQYF,2,5.0
CASSPGSTTEQYF,1,112.0
CASSPGSTTEQYF,2,86.0
CASSPGSTVEQYF,2,59.0
CASSPGSVAEQYF,1,45.0
CASSPGSVCEQYF,2,124.0
CASSPGSVHEQYF,1,166.0
CASSPGSVPEQYF,2,2.0
CASSPGSVREQYF,1,130.0
CASSPGSVREQYF,2,21.0
CASSPGSVSEQYF,1,380.0
CASSPGSVSEQYF,2,247.0
CASSPGSVVEQYF,1,209.0
CASSPGSVYEQYF,2,62.0
CASSPGTAKEQYF,2,77.0
CASSPGTAPEQYF,1,258.0
CASSPGTAREQYF,2,24.0
CASSPGTATEQYF,2,98.0
CASSPGTAYEQYF,1,2.0
CASSPGTGDEQYF,2,99.0
CASSPGTGGEQYF,2,259.0
CASSPGTIKEQYF,1,94.0
CASSPGTILEQYF,2,82.0
CASSPGTITEQYF,2,1.0
CASSPGTLDEQYF,2,109.0
CASSPGTLIEQYF,2,8.0
CASSPGTLPEQYF,2,190.0
CASSPGTLQEQYF,2,102.0
CASSPGTLREQYF,1,68.0
CASSPGTPAEQYF,1,164.0
CASSPGTPEEQYF,1,62.0
CASSPGTPREQYF,2,22.0
CASSPGTPSEQYF,2,273.0
CASSPGTPTEQYF,1,121.0
CASSPGTPTEQYF,2,263.0
CASSPGTPWEQYF,2,26.0
CASSPGTRAEQYF,1,117.0
CASSPGTRAEQYF,2,1.0
CASSPGTRDEQYF,1,161.0
CASSPGTREEQYF,1,230.0
CASSPGTREEQYF,2,132.0
CASSPGTRFEQYF,2,39.0
CASSPGTRHEQYF,2,86.0
CASSPGTRKEQYF,1,166.0
CASSPGTRSEQYF,2,143.0
CASSPGTRTEQYF,1,35.0
CASSPGTRVEQYF,2,280.0
CASSPGTSVEQYF,2,88.0
CASSPGTTDEQYF,2,37.0
CASSPGTTEEQYF,1,152.0
CASSPGTTFEQYF,2,127.0
CASSPGTTGEQYF,2,59.0
CASSPGTTREQYF,2,108.0
CASSPGTVAEQYF,2,78.0
CASSPGTVREQYF,2,76.0
CASSPGTVSEQYF,1,71.0
CASSPGTVSEQYF,2,223.0
CASSPGTVTEQYF,2,11.0
CASSPGVAGEQYF,1,1.0
CASSPGVALEQYF,1,27.0
CASSPGVAREQYF,1,74.0
CASSPGVAREQYF,2,244.0
CASSPGVGCEQYF,2,51.0
CASSPGVGDEQYF,1,121.0
CASSPGVGGEQYF,1,69.0
CASSPGVGLEQYF,2,107.0
CASSPGVGTEQYF,2,65.0
CASSPGVISEQYF,2,6.0
CASSPGVIVEQYF,1,69.0
CASSPGVLAEQYF,1,93.0
CASSPGVLLEQYF,1,1.0
CASSPGVLREQYF,1,119.0
CASSPGVPFEQYF,1,134.0
CASSPGVPSEQYF,1,70.0
CASSPGVPYEQYF,1,66.0
CASSPGVRLEQYF,1,48.0
CASSPGVRLEQYF,2,218.0
CASSPGVRNEQYF,2,19.0
CASSPGVRREQYF,1,96.0
CASSPGVRREQYF,2,98.0
CASSPGVRSEQYF,1,43.0
CASSPGVRSEQYF,2,109.0
CASSPGVSTEQYF,2,128.0
CASSPGVTHEQYF,2,54.0
CASSPGVTLEQYF,2,170.0
CASSPGVVLGQYF,2,2.0
CASSPGVVREQYF,2,162.0
CASSPGVVVEQYF,1,73.0
CASSPGVVVEQYF,2,91.0
CASSPGWGHEQYF,2,102.0
CASSPGWITEQYF,2,93.0
CASSPGWRREQYF,2,223.0
CASSPGWSAEQYF,2,69.0
CASSPGWTTEQYF,1,138.0
CASSPGWVTEQYF,2,97.0
CASSPGWVVEQYF,1,80.0
CASSPGWVYEQYF,1,117.0
CASSPGYAVEQYF,2,184.0
CASSPGYAYEQYF,1,160.0
CASSPGYGAEQYF,2,30.0
CASSPGYIGEQYF,2,80.0
CASSPGYITEQYF,1,1319.0
CASSPGYITEQYF,2,482.0
CASSPGYLAEQYF,1,79.0
CASSPGYPREQYF,1,34.0
CASSPGYPSEQYF,2,42.0
CASSPGYRAEQYF,2,139.0
CASSPGYRHEQYF,1,83.0
CASSPGYRLEQYF,1,1.0
CASSPGYRREQYF,2,22.0
CASSPGYRSEQYF,1,324.0
CASSPGYSFEQYF,1,107.0
CASSPGYTCEQYF,2,92.0
CASSPGYVCEQYF,2,76.0
CASSPHPLKEQYF,2,1.0
CASSPIAASEQYF,1,193.0
CASSPIAASEQYF,2,100.0
CASSPIAIREQYF,2,20.0
CASSPIAIYEQYF,1,164.0
CASSPIALSEQYF,2,225.0
CASSPIALTEQYF,1,12.0
CASSPIALTEQYF,2,119.0
CASSPIALYEQYF,1,123.0
CASSPIALYEQYF,2,93.0
CASSPIAMTEQYF,2,152.0
CASSPIAPAEQYF,2,9.0
CASSPIAPFEQYF,2,85.0
CASSPIAPFEQYL,2,1.0
CASSPIARAEQYF,1,92.0
CASSPIARDEQYF,2,256.0
CASSPIARQEQYF,1,167.0
CASSPIARREQYF,1,19.0
CASSPIARVEQYF,1,124.0
CASSPIARVEQYF,2,181.0
CASSPIASSEQYF,2,28.0
CASSPIATAEQYF,2,150.0
CASSPIATREQYF,2,54.0
CASSPIATYEQYF,1,17.0
CASSPIAVTEQYF,2,62.0
CASSPICIFEQYF,2,101.0
CASSPICPHEQYF,1,1973.0
CASSPICPSEQYF,2,47.0
CASSPICRVEQYF,2,93.0
CASSPICTPEQYF,2,100.0
CASSPIDATEQYF,1,175.0
CASSPIDLPEQYF,2,148.0
CASSPIDLTEQYF,1,50.0
CASSPIDRQEQYF,1,127.0
CASSPIDVQEQYF,1,91.0
CASSPIEGQEQYF,2,115.0
CASSPIEPPEQYF,2,124.0
CASSPIERAEQYF,1,141.0
CASSPIERLEQYF,2,286.0
CASSPIERPEQYF,1,8.0
CASSPIERSEQYF,2,69.0
CASSPIESSEQYF,2,143.0
CASSPIEVEEQYF,2,99.0
CASSPIFAFEQYF,1,301.0
CASSPIGGCEQYF,2,116.0
CASSPIGLTEQYF,1,14.0
CASSPIGPGEQYF,2,94.0
CASSPIGPHEQYF,1,99.0
CASSPIGPPEQYF,2,183.0
CASSPIGRSEQYF,2,119.0
CASSPIGVKEQYF,1,33.0
CASSPIHAPEQYF,2,80.0
CASSPIHRKEQYF,1,73.0
CASSPIHRLEQYF,1,186.0
CASSPIHTWEQYF,2,197.0
CASSPIIAFEQYF,2,67.0
CASSPIIIPEQYF,2,59.0
CASSPIILDEQYF,1,326.0
CASSPIILTEQYF,1,192.0
CASSPIIPHEQYF,1,11.0
CASSPIIPHEQYF,2,159.0
CASSPIIPSEQYF,1,183.0
CASSPIITAEQYF,2,133.0
CASSPIITREQYF,2,105.0
CASSPIKISEQYF,2,30.0
CASSPIKRCEQYF,1,129.0
CASSPIKRKEQYF,1,353.0
CASSPIKRPEQYF,1,1.0
CASSPIKTLEQYF,2,154.0
CASSPIKVTEQYF,2,69.0
CASSPILGAEQYF,1,242.0
CASSPILGDEQYF,2,83.0
CASSPILGIEQYF,1,75.0
CASSPILGTEQYF,1,22.0
CASSPILGYEQYF,1,1.0
CASSPILIREQYF,2,130.0
CASSPILMAEQYF,1,192.0
CASSPILPPEQYF,1,10.0
CASSPILRLEQYF,1,404.0
CASSPILRLEQYF,2,111.0
CASSPILRQEQYF,2,111.0
CASSPILTGEQYF,1,73.0
CASSPILTGEQYF,2,79.0
CASSPILTHEQYF,2,139.0
CASSPILVCEQYF,1,29.0
CASSPILVGEQYF,2,33.0
CASSPIMPREQYF,2,88.0
CASSPIMPWEQYF,2,13.0
CASSPIMTMEQYF,2,63.0
CASSPIMTSEQYF,1,247.0
CASSPINGHEQYF,2,200.0
CASSPINGTEQYF,2,125.0
CASSPINMLEQYF,2,67.0
CASSPINPSEQYF,2,78.0
CASSPINTLEQYF,2,70.0
CASSPIPALEQYF,2,40.0
CASSPIPAPEQYF,2,56.0
CASSPIPAREQYF,1,96.0
CASSPIPGDEQYF,1,81.0
CASSPIPGQEQYF,2,55.0
CASSPIPGSEQYF,1,70.0
CASSPIPGTEQYF,1,57.0
CASSPIPILEQYF,1,1.0
CASSPIPLPEQYF,1,89.0
CASSPIPLPEQYF,2,51.0
CASSPIPMTEQYF,1,197.0
CASSPIPPEEQYF,2,80.0
CASSPIPPEEQYL,2,2.0
CASSPIPPPGQYF,1,2.0
CASSPIPPVEQYF,1,10.0
CASSPIPRCEQYF,1,115.0
CASSPIPRFEQYF,2,102.0
CASSPIPRPEQYF,1,80.0
CASSPIPRSEQYF,2,33.0
CASSPIPRSERYF,2,2.0
CASSPIPTGEQYF,1,71.0
CASSPIPTIEQYF,1,362.0
CASSPIPTIEQYF,2,199.0
CASSPIPTPEQYF,2,7.0
CASSPIPTVEQYF,1,3.0
CASSPIPVEEQYF,2,42.0
CASSPIPVREQYF,2,107.0
CASSPIPVVEQYF,2,84.0
CASSPIQGGEQYF,2,38.0
CASSPIQLKEQYF,2,60.0
CASSPIQPDEQYF,2,94.0
CASSPIQPREQYF,2,70.0
CASSPIQRCEQYF,2,24.0
CASSPIQTREQYF,2,91.0
CASSPIRAHEQYF,1,117.0
CASSPIRASEQYF,2,93.0
CASSPIRGLEQYF,1,81.0
CASSPIRGPEQYF,1,63.0
CASSPIRIREQYF,1,197.0
CASSPIRLGEQYF,2,85.0
CASSPIRLSEQYF,2,29.0
CASSPIRPAEQYF,2,79.0
CASSPIRPEEQYF,2,13.0
CASSPIRPFEQYF,2,45.0
CASSPIRPLEQYF,2,73.0
CASSPIRPMEQYF,1,127.0
CASSPIRPREQYF,2,189.0
CASSPIRPTEQYF,2,61.0
CASSPIRRSEQYF,2,56.0
CASSPIRTGEQYF,1,133.0
CASSPIRTREQYF,2,10.0
CASSPIRTSEQYF,1,104.0
CASSPIRVLEQYF,2,96.0
CASSPIRVWEQYF,1,250.0
CASSPISAAEQYF,1,60.0
CASSPISATEQYF,1,331.0
CASSPISAYEQYF,1,137.0
CASSPISGLEQYF,2,110.0
CASSPISGVEQYF,1,70.0
CASSPISGVEQYF,2,96.0
CASSPISIPEQYF,2,27.0
CASSPISPSEQYF,2,50.0
CASSPISRKEQHF,1,1.0
CASSPISRKEQYF,1,17.0
CASSPISRKEQYF,2,185.0
CASSPISRNEQYF,1,123.0
CASSPISRQEQYF,2,93.0
CASSPISRSEQYF,1,150.0
CASSPISSIEQYF,2,122.0
CASSPISSPEQYF,2,132.0
CASSPISTFEQYF,1,162.0
CASSPISTHEQYF,2,250.0
CASSPISTKEQYF,2,66.0
CASSPISTREQYF,1,211.0
CASSPISTSEQYF,2,1.0
CASSPITGGEQYF,2,89.0
CASSPITGVEQYF,2,39.0
CASSPITISEQYF,2,40.0
CASSPITLLEQYF,2,278.0
CASSPITLSEQYF,2,104.0
CASSPITPSEQYF,1,3.0
CASSPITPTEQYF,1,429.0
CASSPITPVEQYF,2,123.0
CASSPITRHEQYF,1,17.0
CASSPITRTEQYF,2,106.0
CASSPITTAEQYF,2,95.0
CASSPITTGEQYF,1,105.0
CASSPITTREQYF,2,131.0
CASSPITVYEQYF,2,110.0
CASSPIVAKEQYF,2,37.0
CASSPIVAMEQYF,1,410.0
CASSPIVAREQYF,1,4.0
CASSPIVGVEQYF,1,29.0
CASSPIVPHEQYF,1,1.0
CASSPIVPHEQYF,2,42.0
CASSPIVRFEQYF,1,199.0
CASSPIVRREQYF,2,83.0
CASSPIVSLEQYF,2,84.0
CASSPIVTMEQYF,2,85.0
CASSPIWASEQYF,2,2.0
CASSPIWRCEQYF,2,88.0
CASSPIWRGEQYF,1,120.0
CASSPIWVHEQYF,2,81.0
CASSPIYAAEQYF,2,127.0
CASSPIYAQEQYF,2,94.0
CASSPIYGAEQYF,2,137.0
CASSPIYLGEQYF,2,128.0
CASSPIYSPEQYF,2,85.0
CASSPKFRDEQHF,2,1.0
CASSPLAPREQYF,2,76.0
CASSPLARIEQYF,2,115.0
CASSPLAVPEQYF,2,144.0
CASSPLCALEQYF,2,145.0
CASSPLCPLEQYF,2,128.0
CASSPLCPYEQYF,2,3.0
CASSPLCTSEQYF,2,95.0
CASSPLDIPEQYF,2,209.0
CASSPLDTSEQYF,1,107.0
CASSPLERREQYF,2,129.0
CASSPLFPYEQYF,2,82.0
CASSPLGAREQYF,2,105.0
CASSPLGASEQYF,2,148.0
CASSPLGLREQYF,2,111.0
CASSPLGSTEQYF,2,67.0
CASSPLGVDEQYF,2,2.0
CASSPLHAFEQYF,2,128.0
CASSPLHPLEQYF,2,24.0
CASSPLHSPEQYF,2,106.0
CASSPLHTKEQYF,1,112.0
CASSPLHVVEQYF,2,134.0
CASSPLLAAEQYF,2,52.0
CASSPLLLEEQYF,1,84.0
CASSPLLLLEQYF,1,272.0
CASSPLLRFEQYF,1,199.0
CASSPLLRIEQYF,2,71.0
CASSPLLVTEQYF,1,233.0
CASSPLNGGEQYF,2,76.0
CASSPLNVREQYF,1,221.0
CASSPLPISEQYF,2,91.0
CASSPLPLEEQYF,2,25.0
CASSPLPLGEQYF,1,27.0
CASSPLPLSEQYF,1,324.0
CASSPLPPGEQYF,1,193.0
CASSPLPPGEQYF,2,103.0
CASSPLPPNEQYF,2,79.0
CASSPLPRKEQYF,1,3.0
CASSPLPRLEQYF,1,43.0
CASSPLPTAEQYF,1,238.0
CASSPLPTTEQYF,1,189.0
CASSPLPTTEQYF,2,82.0
CASSPLPTVEQYF,2,83.0
CASSPLPVREQYF,1,9.0
CASSPLQIPEQYF,1,14.0
CASSPLQTCEQYF,1,348.0
CASSPLRAEEQCF,1,1.0
CASSPLRLGEQYF,2,99.0
CASSPLRTTEQYF,2,59.0
CASSPLSLHEQYF,2,55.0
CASSPLSLIEQYF,2,19.0
CASSPLSLIERYF,2,1.0
CASSPLSLKEQYF,2,49.0
CASSPLSLYEQYF,1,8.0
CASSPLSTAEQYF,1,1.0
CASSPLTADEQYF,2,149.0
CASSPLTGREQYF,1,100.0
CASSPLTLREQYF,1,202.0
CASSPLTPREQYF,1,223.0
CASSPLTPREQYF,2,30.0
CASSPLYVSEQYF,2,159.0
CASSPMARAEQYF,1,18.0
CASSPMARVEQYF,1,178.0
CASSPMCAPEQYF,2,61.0
CASSPMDASEQYF,2,101.0
CASSPMDPYEQYF,1,60.0
CASSPMFRMEQYF,1,152.0
CASSPMGATEQYF,1,1.0
CASSPMHRGEQYF,1,160.0
CASSPMHTSEQYF,2,109.0
CASSPMIGLEQYF,1,96.0
CASSPMIGPEQYF,1,153.0
CASSPMIGPEQYF,2,2.0
CASSPMIRAEKYF,1,1.0
CASSPMIRAEQYF,1,20.0
CASSPMKSPEQYF,1,9.0
CASSPMLASEQYF,1,151.0
CASSPMPAAEQYF,1,156.0
CASSPMPGAEQYF,1,81.0
CASSPMPLWEQYF,1,166.0
CASSPMPRAEQYF,1,131.0
CASSPMPRAEQYF,2,150.0
CASSPMPRNEQYF,2,119.0
CASSPMRATEQYF,2,124.0
CASSPMRRREQYF,1,127.0
CASSPMRRREQYF,2,38.0
CASSPMRRYEQYF,2,155.0
CASSPMRTTEQYF,1,302.0
CASSPMRVPEQYF,1,69.0
CASSPMSPIEQYF,1,73.0
CASSPMSPLEQYF,2,74.0
CASSPMSRSEQYF,2,94.0
CASSPMSVNEQYF,1,6.0
CASSPMTPKEQYF,2,61.0
CASSPMTPLEQYF,2,123.0
CASSPMTRLEQYF,2,91.0
CASSPMTVPEQYF,1,7.0
CASSPMTVPEQYF,2,45.0
CASSPMTVTEQYF,2,172.0
CASSPMYAYEQYF,2,96.0
CASSPMYRAEQYF,2,48.0
CASSPPAATEQYF,1,136.0
CASSPPAGSEQYF,1,353.0
CASSPPAINEQYF,1,32.0
CASSPPARREQYF,1,54.0
CASSPPATLEQYF,1,15.0
CASSPPAVTEQYF,1,168.0
CASSPPCPSEQYF,1,53.0
CASSPPCPYEQYF,1,56.0
CASSPPCRGEQYF,2,23.0
CASSPPCVYEQYF,2,93.0
CASSPPDIVEQYF,2,76.0
CASSPPDMGEQYF,2,96.0
CASSPPDPLEQYF,2,195.0
CASSPPDRHEQYF,1,10.0
CASSPPEAREQYF,1,156.0
CASSPPEAREQYF,2,59.0
CASSPPEGTEQYF,1,53.0
CASSPPELVEQYF,2,18.0
CASSPPFAREQYF,1,68.0
CASSPPFAREQYF,2,170.0
CASSPPFIEEQYF,1,158.0
CASSPPFPSEQYF,2,12.0
CASSPPFPTEQYF,2,15.0
CASSPPFRSEQYF,2,67.0
CASSPPFTNEQYF,2,120.0
CASSPPFVFEQYF,2,28.0
CASSPPFVREQYF,2,7.0
CASSPPGACEQYF,1,138.0
CASSPPGAQEQYF,1,163.0
CASSPPGGCEQYF,1,32.0
CASSPPGPAEQYF,1,25.0
CASSPPGPAEQYF,2,50.0
CASSPPGPAGQCF,1,1.0
CASSPPGRGEQYF,2,220.0
CASSPPGRYEQYF,2,209.0
CASSPPGTGEQYF,2,96.0
CASSPPGTTEQYF,2,73.0
CASSPPGVPEQYF,2,32.0
CASSPPHANEQYF,2,130.0
CASSPPHAPEQYF,1,151.0
CASSPPHAPEQYF,2,6.0
CASSPPHASEQYF,2,32.0
CASSPPHGCEQYF,1,138.0
CASSPPHGFEQYF,2,25.0
CASSPPHGKEQYF,2,90.0
CASSPPHIFEQYF,1,118.0
CASSPPHLIEQYF,2,111.0
CASSPPHMDEQYF,2,54.0
CASSPPHRYEQYF,2,54.0
CASSPPHTKEQYF,2,152.0
CASSPPHTREQYF,2,59.0
CASSPPHVFEQYF,2,20.0
CASSPPHVKEQYF,2,79.0
CASSPPHVLEQYF,2,1.0
CASSPPHVTEQYF,2,186.0
CASSPPIASEQYF,1,154.0
CASSPPIGIEQYF,2,127.0
CASSPPIGTEQYF,1,15.0
CASSPPIIREQYF,1,118.0
CASSPPIISEQYF,1,26.0
CASSPPILWEQYF,1,123.0
CASSPPILYEQYF,1,147.0
CASSPPIPHEQYF,1,257.0
CASSPPIPREQYF,2,137.0
CASSPPIRKEQYF,1,5.0
CASSPPIRREQYF,1,227.0
CASSPPITKEQYF,2,150.0
CASSPPIVAEQYF,2,201.0
CASSPPIVPEQYF,1,274.0
CASSPPIVTEQYF,1,103.0
CASSPPKAVEQYF,2,167.0
CASSPPKLPEQYF,2,83.0
CASSPPKPFEQYF,2,26.0
CASSPPKPLEQYF,2,85.0
CASSPPKRFEQYF,1,61.0
CASSPPKTSEQYF,1,86.0
CASSPPKVYEQYF,1,1.0
CASSPPLADEQYF,2,82.0
CASSPPLAGEQYF,2,4.0
CASSPPLAHEQYF,2,76.0
CASSPPLAHGQYF,2,2.0
CASSPPLGIEQYF,1,57.0
CASSPPLIKEQYF,1,180.0
CASSPPLIPEQYF,1,88.0
CASSPPLIREQYF,2,97.0
CASSPPLIWEQYF,1,146.0
CASSPPLLREQYF,2,75.0
CASSPPLPDEQYF,2,61.0
CASSPPLPFEQYF,2,80.0
CASSPPLPGEQYF,1,265.0
CASSPPLPHEQYF,1,84.0
CASSPPLPLEQYF,2,76.0
CASSPPLPQEQYF,1,133.0
CASSPPLPREQYF,2,130.0
CASSPPLPTEQYF,1,131.0
CASSPPLPVEQYF,2,146.0
CASSPPLRQEQYF,2,39.0
CASSPPLRREQYF,1,71.0
CASSPPLRSEQYF,2,250.0
CASSPPLTNEQYF,2,30.0
CASSPPLTSEQYF,1,225.0
CASSPPLTVEQYF,2,71.0
CASSPPLVREQYF,2,6.0
CASSPPLVSEQYF,2,132.0
CASSPPMGHEQYF,2,102.0
CASSPPMMHEQYF,2,112.0
CASSPPMPDEQYF,2,60.0
CASSPPNGLEQYF,2,136.0
CASSPPNITEQYF,2,88.0
CASSPPNLIEQYF,1,100.0
CASSPPNLPEQYF,1,110.0
CASSPPNLPEQYF,2,52.0
CASSPPNLSEQYF,1,65.0
CASSPPNLVEQYF,2,73.0
CASSPPNMQEQYF,2,66.0
CASSPPNPCEQYF,2,65.0
CASSPPNPKEQYF,2,36.0
CASSPPNPREQYF,2,156.0
CASSPPNRSEQYF,2,81.0
CASSPPNRTEQYF,2,221.0
CASSPPNRYEQYF,2,97.0
CASSPPNSGEQYF,2,66.0
CASSPPNTLEQYF,2,30.0
CASSPPNVWEQYF,2,178.0
CASSPPPASEQYF,2,3.0
CASSPPPAYEQYF,2,134.0
CASSPPPGNEQYF,2,196.0
CASSPPPIEEQYF,2,93.0
CASSPPPLKEQYF,1,190.0
CASSPPPLPEQYF,2,23.0
CASSPPPLTEQHF,2,3.0
CASSPPPLTEQYF,1,1.0
CASSPPPLTEQYF,2,46.0
CASSPPPLYEQYF,2,58.0
CASSPPPMSEQYF,1,356.0
CASSPPPMVEQYF,2,147.0
CASSPPPNIEQYF,2,1.0
CASSPPPPDEQYF,1,103.0
CASSPPPPNEQYF,1,107.0
CASSPPPPNEQYF,2,14.0
CASSPPPPSEQYF,2,57.0
CASSPPPPTEQYF,2,94.0
CASSPPPRDEQYF,1,163.0
CASSPPPRDEQYF,2,142.0
CASSPPPRPEQYF,2,13.0
CASSPPPRSEQYF,2,180.0
CASSPPPRTEQYF,2,38.0
CASSPPPSGEQYF,2,30.0
CASSPPPSLEQYF,2,77.0
CASSPPPTCEQYF,1,138.0
CASSPPPTDEQYF,1,139.0
CASSPPPTNEQYF,1,75.0
CASSPPPTTEQYF,2,30.0
CASSPPPVREQYF,1,236.0
CASSPPPVREQYF,2,62.0
CASSPPPVVEQYF,1,336.0
CASSPPQGIEQYF,2,141.0
CASSPPQLLEQYF,2,93.0
CASSPPQLTEQYF,2,80.0
CASSPPQMNEQYF,2,69.0
CASSPPQPLEQYF,1,64.0
CASSPPQPLEQYF,2,52.0
CASSPPQPVEQYF,2,178.0
CASSPPQSQEQYF,2,58.0
CASSPPQTTEQYF,1,226.0
CASSPPQTYEQYF,1,34.0
CASSPPQTYEQYF,2,152.0
CASSPPQVIEQYF,2,112.0
CASSPPQVSEQYF,1,71.0
CASSPPRGTEQYF,2,28.0
CASSPPRITEQYF,1,219.0
CASSPPRITEQYF,2,38.0
CASSPPRLKEQYF,1,35.0
CASSPPRLLEQYF,1,116.0
CASSPPRMYEQYF,2,115.0
CASSPPRPEEQYF,1,132.0
CASSPPRPEEQYF,2,22.0
CASSPPRPQEQYL,1,2.0
CASSPPRPSEQYF,1,9.0
CASSPPRPVEQYF,2,94.0
CASSPPRRLEQYF,1,114.0
CASSPPRRNEQYF,1,71.0
CASSPPRRYEQYF,1,183.0
CASSPPRSREQYF,2,55.0
CASSPPRTHEQYF,1,95.0
CASSPPRTLEQYF,1,193.0
CASSPPRTNEQYF,1,29.0
CASSPPRTSEQYF,2,83.0
CASSPPRVVEQYF,1,176.0
CASSPPSAREQYF,1,147.0
CASSPPSAREQYF,2,74.0
CASSPPSGFEQYF,2,111.0
CASSPPSGQEQYF,2,125.0
CASSPPSLDEQYF,2,46.0
CASSPPSLPEQYF,1,35.0
CASSPPSLVEQYF,2,109.0
CASSPPSLYEQYF,2,8.0
CASSPPSPIEQYF,1,121.0
CASSPPSPNEQYF,2,201.0
CASSPPSPREQYF,2,155.0
CASSPPSPTEQYF,1,30.0
CASSPPSPYEQYF,1,184.0
CASSPPSPYEQYF,2,213.0
CASSPPSRAEQYF,2,110.0
CASSPPSREEQYF,1,12.0
CASSPPSRFEQYF,2,24.0
CASSPPSRWEQYF,1,21.0
CASSPPSSQGQYF,2,2.0
CASSPPSTPEQYF,2,87.0
CASSPPSTSEQYF,1,121.0
CASSPPSTWEQYF,1,176.0
CASSPPTANEQYF,2,77.0
CASSPPTGLEQYF,1,44.0
CASSPPTIIEQYF,2,142.0
CASSPPTIPEQYF,2,16.0
CASSPPTMSEQYF,2,105.0
CASSPPTPKEQYF,1,200.0
CASSPPTPNEQYF,1,219.0
CASSPPTPSERYF,2,3.0
CASSPPTRHEQYF,2,202.0
CASSPPTRTEQYF,2,93.0
CASSPPTRVEQYF,1,86.0
CASSPPTSNEQYF,2,97.0
CASSPPTSVEQYF,2,125.0
CASSPPTTGEQYF,2,246.0
CASSPPTTKEQYF,2,9.0
CASSPPTTLEQYF,1,145.0
CASSPPTTTEQYF,1,2.0
CASSPPTTYEQYF,1,13.0
CASSPPTVDEQYF,2,128.0
CASSPPTVFEQYF,1,259.0
CASSPPVLREQYF,2,69.0
CASSPPVPHEQYF,2,209.0
CASSPPVPLERYS,2,1.0
CASSPPVPQEQYF,2,45.0
CASSPPVPTEQYF,2,36.0
CASSPPVRGEQYF,1,270.0
CASSPPVRSEQYF,1,54.0
CASSPPVVPAQYF,2,2.0
CASSPPVVPEQYF,2,72.0
CASSPPVVYEQYF,2,108.0
CASSPPWVCEQYF,2,72.0
CASSPPYMEEQYF,2,26.0
CASSPPYRAEQYF,1,147.0
CASSPPYRPEQYF,2,44.0
CASSPPYRYEQYF,1,82.0
CASSPPYTSEQYF,2,96.0
CASSPRAASEQYF,2,368.0
CASSPRAGGEQYF,2,107.0
CASSPRAGPEQYF,2,78.0
CASSPRAIGEQYF,2,32.0
CASSPRAILEQYF,1,36.0
CASSPRAIQEQYF,2,158.0
CASSPRALHGQYF,2,1.0
CASSPRAPREQYF,2,81.0
CASSPRARSEQYF,1,92.0
CASSPRATKEQYF,2,78.0
CASSPRATTEQYF,1,226.0
CASSPRATTEQYF,2,84.0
CASSPRATVEQYF,2,130.0
CASSPRAVAEQYF,1,195.0
CASSPRAVGEQYF,2,12.0
CASSPRAVNEQYF,2,151.0
CASSPRAVREQYF,1,226.0
CASSPRAVTEQYF,2,98.0
CASSPRAVYEQYF,1,4.0
CASSPRCITEQYF,2,54.0
CASSPRCRAEQYF,1,190.0
CASSPRCSEEQYF,2,161.0
CASSPRCTAEQYF,2,4.0
CASSPRCTYEQYF,2,415.0
CASSPRDICEQYF,2,151.0
CASSPRDLCEQYF,1,436.0
CASSPRDLGEQYF,2,96.0
CASSPRDPIEQYF,1,158.0
CASSPRDPLEQYF,2,5.0
CASSPRDVLEQYF,1,3.0
CASSPRDVSEQYF,1,276.0
CASSPRDVSEQYF,2,60.0
CASSPREAQEQYF,2,3.0
CASSPREAYEQYF,2,106.0
CASSPREGPEQYF,2,1.0
CASSPRELEEQYF,1,139.0
CASSPRENPEQYF,2,1.0
CASSPREPAEQYF,2,58.0
CASSPREPCEQYF,2,193.0
CASSPRERPEQYF,2,3.0
CASSPRERVEQYF,2,122.0
CASSPRESAEQYF,2,64.0
CASSPRESPEQYF,2,16.0
CASSPRETDEQYL,1,1.0
CASSPRETTEQYF,1,376.0
CASSPREVLEQYF,2,84.0
CASSPRFIKEQYF,1,278.0
CASSPRFPIEQYF,2,108.0
CASSPRFPLEQYF,2,126.0
CASSPRFRHEQYF,2,286.0
CASSPRFSGEQYF,1,16.0
CASSPRFVLEQYF,2,94.0
CASSPRGGIEQYF,1,238.0
CASSPRGIDEQYF,2,69.0
CASSPRGINEQYF,2,58.0
CASSPRGPNEQYF,2,70.0
CASSPRGPPEQYF,1,71.0
CASSPRGPSEQYF,1,62.0
CASSPRGPVEQYF,2,71.0
CASSPRGREEQYF,2,30.0
CASSPRGTPEQYF,2,74.0
CASSPRGTSEQYF,2,177.0
CASSPRGTTEQYF,2,25.0
CASSPRHAEEQYF,2,52.0
CASSPRHAKEQYF,1,18.0
CASSPRHALEQYF,2,147.0
CASSPRHANEQYF,2,38.0
CASSPRHAPEQYF,2,8.0
CASSPRHATEQYF,2,57.0
CASSPRHGDEQYF,2,77.0
CASSPRHISEQYF,1,93.0
CASSPRHPREQYF,2,1.0
CASSPRHPVEQYF,2,178.0
CASSPRHSVEQYF,2,126.0
CASSPRHTLEQYF,2,101.0
CASSPRHTSEQYF,2,189.0
CASSPRHVKEQYF,1,1.0
CASSPRHVNEQYF,2,82.0
CASSPRHVYEQYF,2,116.0
CASSPRIATEQYF,2,1.0
CASSPRIGTEQYF,2,144.0
CASSPRIINEQYF,1,244.0
CASSPRIINEQYF,2,117.0
CASSPRILLEQYF,2,55.0
CASSPRILSEQYF,1,248.0
CASSPRIMDEQYF,1,166.0
CASSPRIPPEQYF,1,150.0
CASSPRIRHEQYF,2,52.0
CASSPRIRKEQYF,1,137.0
CASSPRIRLEQYF,2,75.0
CASSPRIRQEQYF,2,129.0
CASSPRISAEQYF,2,109.0
CASSPRISCEQYF,2,160.0
CASSPRISLEQYF,2,189.0
CASSPRISTEQYF,1,12.0
CASSPRITLEQYF,2,32.0
CASSPRITVEQYF,2,76.0
CASSPRKILEQYF,2,22.0
CASSPRKITEQYF,2,25.0
CASSPRKLAEQYF,2,42.0
CASSPRKLIEQYF,2,25.0
CASSPRKLQEQYF,2,95.0
CASSPRKLREQYF,2,89.0
CASSPRKPAEQYF,1,213.0
CASSPRKPAEQYF,2,8.0
CASSPRKPDEQYF,1,241.0
CASSPRKPLEQYF,2,234.0
CASSPRKPTEQYF,2,16.0
CASSPRKRLEQYF,1,189.0
CASSPRKRLEQYF,2,89.0
CASSPRKSGEQYF,2,281.0
CASSPRLAHEQYF,2,77.0
CASSPRLASEQYF,1,77.0
CASSPRLGDEQYF,1,13.0
CASSPRLGDEQYF,2,213.0
CASSPRLGLEQYF,1,72.0
CASSPRLGNEQYF,1,276.0
CASSPRLGYEQYF,2,238.0
CASSPRLPAEQYF,2,2.0
CASSPRLPREQYF,2,88.0
CASSPRLPSEQYF,2,70.0
CASSPRLPVEQYF,1,117.0
CASSPRLPYEQYF,2,99.0
CASSPRLRCEQYF,2,79.0
CASSPRLRDEQYF,1,50.0
CASSPRLRGEQYF,1,75.0
CASSPRLRIEQYF,2,89.0
CASSPRLRSEQYF,2,175.0
CASSPRLRTEQYF,2,48.0
CASSPRLSVEQYF,2,49.0
CASSPRLTCEQYF,2,122.0
CASSPRLTHEQYF,2,85.0
CASSPRLVGEQYF,1,69.0
CASSPRLVGEQYF,2,23.0
CASSPRLVHEQYF,2,7.0
CASSPRLVIEQYF,2,65.0
CASSPRLVLEQYF,2,171.0
CASSPRLVPEQYF,2,26.0
CASSPRMLREQYF,1,156.0
CASSPRNAREQYF,2,109.0
CASSPRNLHEQYF,1,88.0
CASSPRNPPEQYF,2,123.0
CASSPRNPYEQYF,2,189.0
CASSPRNRVEPYF,1,4.0
CASSPRNRVEQYF,1,93.0
CASSPRNRVEQYF,2,151.0
CASSPRNSCEQYF,1,107.0
CASSPRNTLEQYF,2,169.0
CASSPRPAAEQYF,2,92.0
CASSPRPADEQYF,1,819.0
CASSPRPADEQYF,2,573.0
CASSPRPAEEQYF,1,192.0
CASSPRPAGEQYF,1,123.0
CASSPRPASEQYF,1,63.0
CASSPRPGAEQYF,2,127.0
CASSPRPGTEQYF,1,125.0
CASSPRPGVEQYF,2,80.0
CASSPRPIDEQYF,2,42.0
CASSPRPIQEQYF,2,8.0
CASSPRPIVEQYF,2,9.0
CASSPRPLIEQYF,1,105.0
CASSPRPLKEQYF,2,17.0
CASSPRPLTEQYF,1,1.0
CASSPRPLWEQYF,2,164.0
CASSPRPMGEQYF,2,119.0
CASSPRPMNEQYF,1,29.0
CASSPRPPIEQYF,1,15.0
CASSPRPPSEQYF,2,37.0
CASSPRPPTEQYF,1,139.0
CASSPRPPVEQYF,1,119.0
CASSPRPPYEQYF,1,101.0
CASSPRPRCEQYF,1,8.0
CASSPRPRFEQYF,2,92.0
CASSPRPRGEQYF,2,72.0
CASSPRPRIEQYF,2,3.0
CASSPRPRPEQYF,2,81.0
CASSPRPRREQYF,1,166.0
CASSPRPRSEQYF,2,171.0
CASSPRPRTEQYF,2,53.0
CASSPRPSEEQYF,2,233.0
CASSPRPSTEQYF,2,32.0
CASSPRPSYEQYF,1,354.0
CASSPRPTAEQYF,1,174.0
CASSPRPTCEQYF,1,65.0
CASSPRPTIEQYF,1,63.0
CASSPRPTIEQYF,2,90.0
CASSPRPTLEQYF,2,16.0
CASSPRPTLGQYF,2,1.0
CASSPRPTPEQYF,1,79.0
CASSPRPTPEQYF,2,148.0
CASSPRPTREQYF,2,26.0
CASSPRPTWEQYF,2,29.0
CASSPRPVHEQYF,2,22.0
CASSPRPVNEQYF,2,77.0
CASSPRPVREQYF,2,47.0
CASSPRPVSEQYF,2,177.0
CASSPRPVTEQYF,1,231.0
CASSPRQISEQYF,2,111.0
CASSPRQITEQYF,2,46.0
CASSPRQLREQYF,1,50.0
CASSPRQLREQYF,2,11.0
CASSPRQPGEQYF,2,115.0
CASSPRQRCEQYF,2,95.0
CASSPRQRDEQYF,2,165.0
CASSPRQSHEQYF,1,39.0
CASSPRQSHEQYF,2,4.0
CASSPRQTNEQYF,2,97.0
CASSPRQTVEQYF,2,78.0
CASSPRQVTEQYF,2,147.0
CASSPRRAAEQYF,1,157.0
CASSPRRADEQYF,1,379.0
CASSPRRGAEQYF,2,120.0
CASSPRRGDEQYF,1,165.0
CASSPRRGNEQYF,2,131.0
CASSPRRGYEQYF,1,27.0
CASSPRRILEQYF,1,100.0
CASSPRRIREQYF,2,572.0
CASSPRRLAEQYF,2,124.0
CASSPRRLTEQYF,1,230.0
CASSPRRPCEQYF,2,160.0
CASSPRRPFEQYF,1,289.0
CASSPRRPGEQYF,1,145.0
CASSPRRPSEQYF,1,110.0
CASSPRRPSEQYF,2,171.0
CASSPRRPTEQYF,2,123.0
CASSPRRPVEQYF,2,101.0
CASSPRRRAEQYF,1,241.0
CASSPRRREEQYF,2,47.0
CASSPRRRGEQYF,1,3.0
CASSPRRRGEQYF,2,19.0
CASSPRRRLEQYF,1,60.0
CASSPRRRREQYF,1,3.0
CASSPRRRTEQYF,2,118.0
CASSPRRSREQYF,1,120.0
CASSPRRSSEQYF,2,98.0
CASSPRRTGEQYF,2,155.0
CASSPRRTIEQYF,1,120.0
CASSPRRTLEQYF,2,108.0
CASSPRRTNEQYF,1,179.0
CASSPRRTREQYF,1,96.0
CASSPRRTREQYL,1,1.0
CASSPRRVPEQYF,2,100.0
CASSPRRVYEQYF,1,126.0
CASSPRSAFEQYF,2,11.0
CASSPRSAHEQYF,2,25.0
CASSPRSALEQYF,2,96.0
CASSPRSASEQYF,2,39.0
CASSPRSATEQYF,1,180.0
CASSPRSAYEQYF,1,152.0
CASSPRSCAEQYF,1,210.0
CASSPRSGAEQYF,1,101.0
CASSPRSIQEQYF,2,41.0
CASSPRSITEQYF,2,32.0
CASSPRSLAEQYF,2,86.0
CASSPRSLPEQYF,2,129.0
CASSPRSMFEQYF,2,98.0
CASSPRSMVEQYF,2,8.0
CASSPRSPAEQYF,1,63.0
CASSPRSPCEQYF,1,175.0
CASSPRSPIEQYF,1,5.0
CASSPRSPIEQYF,2,164.0
CASSPRSPPEQYF,1,120.0
CASSPRSPREQYF,1,50.0
CASSPRSPSEQYF,2,30.0
CASSPRSPTEQYF,2,66.0
CASSPRSRGEQYF,2,112.0
CASSPRSRREQYF,1,40.0
CASSPRSRREQYF,2,101.0
CASSPRSRYEQYF,1,39.0
CASSPRSRYEQYF,2,120.0
CASSPRSSHEQYF,1,169.0
CASSPRSSNEQYF,1,99.0
CASSPRSSSEQYF,1,320.0
CASSPRSTCEQYF,2,73.0
CASSPRSTFEQYF,2,22.0
CASSPRSTHEQYF,1,49.0
CASSPRSTHGQYF,1,3.0
CASSPRSTIEQYF,2,1.0
CASSPRSVGEQYF,2,20.0
CASSPRSVGERYF,2,1.0
CASSPRSVPEQYF,2,143.0
CASSPRSVQEQYF,2,188.0
CASSPRSVSEQYF,1,131.0
CASSPRSVVEQYF,2,79.0
CASSPRTAPEQYF,1,5.0
CASSPRTGMEQYF,2,46.0
CASSPRTGTEQYF,1,44.0
CASSPRTGVEQYF,1,144.0
CASSPRTIAEQYF,1,6.0
CASSPRTIPEQYF,1,320.0
CASSPRTLFEQYF,2,106.0
CASSPRTLLEQYF,2,44.0
CASSPRTLNEQYF,2,88.0
CASSPRTLPEQYF,2,66.0
CASSPRTLYEQYF,1,154.0
CASSPRTMGEQYF,1,156.0
CASSPRTMREQYF,1,68.0
CASSPRTPCEQYF,1,130.0
CASSPRTPHEQYF,2,98.0
CASSPRTPREQYF,1,335.0
CASSPRTPYEQYF,1,200.0
CASSPRTPYEQYF,2,99.0
CASSPRTRAEQYF,1,182.0
CASSPRTREEQYF,2,42.0
CASSPRTRHEQYF,2,75.0
CASSPRTRMEQYF,2,135.0
CASSPRTRREQYF,2,133.0
CASSPRTRSEQYF,2,190.0
CASSPRTSPEQYF,2,18.0
CASSPRTSVEQYF,1,241.0
CASSPRTTDEQYF,1,2.0
CASSPRTTEEQYF,2,98.0
CASSPRTTFEQYF,1,176.0
CASSPRTTIEQYF,2,64.0
CASSPRTTNEQYF,2,43.0
CASSPRTTSEQYF,1,176.0
CASSPRTTSEQYF,2,12.0
CASSPRTTTEQYF,1,71.0
CASSPRTTTEQYF,2,55.0
CASSPRTTVEQYF,1,77.0
CASSPRTVPEQYF,2,102.0
CASSPRVADEQYF,2,270.0
CASSPRVAYEQYF,1,83.0
CASSPRVINELYF,2,1.0
CASSPRVLHEQYF,2,118.0
CASSPRVRDEQYF,2,190.0
CASSPRVRNEQYF,1,318.0
CASSPRVRVEQYF,2,81.0
CASSPRVTLEQYF,2,28.0
CASSPRVVHEQCF,1,1.0
CASSPRWGTEQYF,2,129.0
CASSPRWIVEQYF,2,43.0
CASSPRWRYEQYF,1,73.0
CASSPRWSVEQYF,2,171.0
CASSPRWTEEQYF,2,8.0
CASSPRWTEEQYV,2,1.0
CASSPRYANEQYF,1,254.0
CASSPRYANEQYF,2,216.0
CASSPRYASEQYF,2,28.0
CASSPRYLLEQYF,1,78.0
CASSPRYLSEQYF,1,123.0
CASSPRYPKEQYF,2,115.0
CASSPRYPSEQYF,1,216.0
CASSPRYVEEQYF,2,109.0
CASSPSAAAEQYF,2,16.0
CASSPSAALEQYF,1,48.0
CASSPSAGYEQYF,1,19.0
CASSPSAIQEQYF,1,28.0
CASSPSALFELYF,2,1.0
CASSPSALFEQYF,2,111.0
CASSPSALFGRYF,2,1.0
CASSPSALREQYF,1,151.0
CASSPSALREQYF,2,16.0
CASSPSALVEQYF,1,209.0
CASSPSAMVEQYF,1,122.0
CASSPSAPKEQYF,2,62.0
CASSPSAREEQYF,2,83.0
CASSPSASREQYF,2,66.0
CASSPSATMEQYF,2,1.0
CASSPSATWEQYF,2,80.0
CASSPSAVEEQYF,1,146.0
CASSPSCPREQYF,1,136.0
CASSPSCPREQYF,2,168.0
CASSPSCRCEQYF,1,43.0
CASSPSCRTEQYF,2,21.0
CASSPSCTMEQYF,1,59.0
CASSPSCVAEQYF,2,77.0
CASSPSDIREQYF,2,130.0
CASSPSDPAEQYF,2,29.0
CASSPSDRQEQYF,2,7.0
CASSPSDSSEQYF,1,2.0
CASSPSDTIEQYF,2,168.0
CASSPSDTTEQYF,2,96.0
CASSPSDTYEQYF,1,126.0
CASSPSEGDEQYF,2,337.0
CASSPSERCEQYF,1,58.0
CASSPSERIEQYF,2,76.0
CASSPSESREQYF,1,95.0
CASSPSETREQYF,1,176.0
CASSPSEVSEQYF,2,68.0
CASSPSFPYEQYF,2,118.0
CASSPSFVTEQYF,2,40.0
CASSPSGGQEQYF,2,144.0
CASSPSGPCEQYF,1,257.0
CASSPSGPHEQYF,2,37.0
CASSPSGRCEQYF,2,96.0
CASSPSGRNEQYF,2,82.0
CASSPSGTKEQYF,1,1.0
CASSPSGTREQYF,2,69.0
CASSPSHAEEQYF,1,21.0
CASSPSHIPEQYF,1,93.0
CASSPSHLREQYF,1,133.0
CASSPSHPDEQYF,2,4.0
CASSPSHPSEQYF,1,62.0
CASSPSHRQEQYF,2,84.0
CASSPSHRSEQYF,1,316.0
CASSPSHRSEQYF,2,102.0
CASSPSHSGEQYF,2,76.0
CASSPSHSQEQYF,2,83.0
CASSPSHSTEQYF,2,105.0
CASSPSHTNEQYF,1,323.0
CASSPSHVGEQYF,1,41.0
CASSPSIGREQYF,2,103.0
CASSPSIPHEQYF,1,88.0
CASSPSITMEQYF,1,43.0
CASSPSITSEQYF,2,27.0
CASSPSITTEQYF,2,191.0
CASSPSIVSEQYF,2,113.0
CASSPSKALEQYF,2,133.0
CASSPSKLLEQHF,2,2.0
CASSPSKLLEQYF,2,75.0
CASSPSKPYEQYF,2,162.0
CASSPSKTREQYF,1,12.0
CASSPSKVIEQYF,2,105.0
CASSPSKVVEQYF,2,101.0
CASSPSLAHEQYF,2,116.0
CASSPSLAREQYF,1,148.0
CASSPSLATEQYF,2,224.0
CASSPSLGDEQYF,1,100.0
CASSPSLGHEQYF,2,82.0
CASSPSLIREQYF,2,18.0
CASSPSLITEQYF,1,53.0
CASSPSLLAEQYF,1,221.0
CASSPSLLDEQYF,1,93.0
CASSPSLLLEQYF,1,97.0
CASSPSLPAEQYF,2,21.0
CASSPSLRGEQYF,2,58.0
CASSPSLRREQYF,1,309.0
CASSPSLRSEQYF,2,208.0
CASSPSLRTEQYF,2,60.0
CASSPSLRYEQYF,1,119.0
CASSPSLTCEQYF,2,20.0
CASSPSLVAEQYF,2,113.0
CASSPSLVEEQYF,1,1.0
CASSPSLVHEQYF,1,1.0
CASSPSLVPEQYF,2,96.0
CASSPSLVSEQYF,2,47.0
CASSPSMRFEQYF,2,115.0
CASSPSMRNEQYF,2,42.0
CASSPSMTQEQYF,1,242.0
CASSPSMTSEQYF,1,143.0
CASSPSNITEQYF,2,74.0
CASSPSNIVEQYF,2,77.0
CASSPSNTMEQYF,2,60.0
CASSPSPAPEQYF,2,30.0
CASSPSPAQEQYF,2,27.0
CASSPSPASEQYF,2,96.0
CASSPSPGHEQYF,2,1.0
CASSPSPIAEQYF,1,82.0
CASSPSPIDEQYF,2,46.0
CASSPSPIFEQYF,2,115.0
CASSPSPIREQYF,1,152.0
CASSPSPLREQYF,2,117.0
CASSPSPPNEQYF,2,128.0
CASSPSPPSEQYF,1,65.0
CASSPSPRDEQYF,1,258.0
CASSPSPRIEQYF,2,86.0
CASSPSPRLEQYF,2,2.0
CASSPSPRPEQYF,2,81.0
CASSPSPRPEQYL,2,2.0
CASSPSPRQEQYF,2,64.0
CASSPSPRSEQYF,2,199.0
CASSPSPSSEQYF,2,170.0
CASSPSPTHEQYF,1,144.0
CASSPSPTQEQYF,2,98.0
CASSPSPTVEQYF,2,235.0
CASSPSPVDEQYF,1,103.0
CASSPSPVDEQYF,2,91.0
CASSPSPVEEQYF,2,3.0
CASSPSPVGEQYF,1,85.0
CASSPSPVGEQYF,2,26.0
CASSPSPVKEQYF,2,95.0
CASSPSPVNEQYF,1,117.0
CASSPSPVREQYF,2,19.0
CASSPSQGSEQYF,2,1.0
CASSPSQIKEQYF,1,159.0
CASSPSQLFEQYF,2,72.0
CASSPSQPQEQYF,2,98.0
CASSPSQPREQYF,1,1.0
CASSPSQPSEQYF,1,54.0
CASSPSQRQEQYF,2,26.0
CASSPSQRREQYF,1,345.0
CASSPSQRREQYS,1,1.0
CASSPSQSNEQYF,2,263.0
CASSPSQTEEQYF,2,95.0
CASSPSQVTEQYF,1,191.0
CASSPSRGLEQYF,1,84.0
CASSPSRGREQYF,2,69.0
CASSPSRILEQYF,2,65.0
CASSPSRIREQYF,1,59.0
CASSPSRISEQYF,1,185.0
CASSPSRLIEQYF,2,90.0
CASSPSRLTEQYF,1,189.0
CASSPSRLTEQYF,2,105.0
CASSPSRLVEQYF,2,67.0
CASSPSRPCEQYF,1,152.0
CASSPSRPCEQYF,2,145.0
CASSPSRPSEQYF,1,75.0
CASSPSRRIEQYF,2,107.0
CASSPSRRNEQYF,1,31.0
CASSPSRRNGQYF,1,2.0
CASSPSRRQEQYF,2,175.0
CASSPSRRTEQYF,2,103.0
CASSPSRRYEQYF,1,74.0
CASSPSRTIEQYF,2,28.0
CASSPSRTKEQYF,1,1.0
CASSPSRTSEQYF,2,10.0
CASSPSRVLEQYF,1,2.0
CASSPSRVYEQYF,2,33.0
CASSPSSGNEQYF,1,83.0
CASSPSSITEQYF,2,131.0
CASSPSSLWEQYF,2,99.0
CASSPSSPAEQYF,1,257.0
CASSPSSPNEQYF,2,68.0
CASSPSSPPEQYF,2,142.0
CASSPSSRHEQYF,2,1.0
CASSPSSRREQYF,2,89.0
CASSPSSRTEQYF,2,107.0
CASSPSSTREQYF,1,193.0
CASSPSSVPEQYF,2,59.0
CASSPSSVTEQYF,2,82.0
CASSPSTATEQYF,1,122.0
CASSPSTGPEQYF,1,229.0
CASSPSTGREQYF,2,11.0
CASSPSTICEQYF,2,103.0
CASSPSTLNEQYF,1,299.0
CASSPSTMDEQYF,1,72.0
CASSPSTPAEQYF,1,108.0
CASSPSTPQEQYF,1,226.0
CASSPSTRPEQYF,1,158.0
CASSPSTSEEQYF,2,171.0
CASSPSTSVEQYF,2,82.0
CASSPSTTIEQYF,1,115.0
CASSPSTTYEQYF,1,20.0
CASSPSVASEQYF,2,2.0
CASSPSVGCEQYF,2,49.0
CASSPSVGGEQYF,2,68.0
CASSPSVGTEQYF,1,143.0
CASSPSVIIEQYF,1,100.0
CASSPSVIREQYF,1,206.0
CASSPSVISEQYF,1,67.0
CASSPSVLSEQYF,1,167.0
CASSPSVPGEQYF,1,137.0
CASSPSVPKEQYF,1,9.0
CASSPSVVSEQYF,1,6.0
CASSPSVVSEQYF,2,198.0
CASSPSWRAEQYF,1,111.0
CASSPSWRSEQYF,2,260.0
CASSPSYPYEQYF,1,113.0
CASSPSYRKEQYF,2,111.0
CASSPSYVVEQYF,2,53.0
CASSPTAAAEQYF,1,184.0
CASSPTAAKEQYF,2,39.0
CASSPTAAREQYF,2,84.0
CASSPTAASEQYF,2,71.0
CASSPTAGPEQYF,1,89.0
CASSPTAGREQYF,1,2.0
CASSPTAGREQYF,2,338.0
CASSPTAGVEQYF,1,207.0
CASSPTALLEQYF,1,78.0
CASSPTAMREQYF,2,107.0
CASSPTAPTEQYF,1,202.0
CASSPTARNEQYF,2,90.0
CASSPTARVEQYF,2,172.0
CASSPTASSEQYF,2,46.0
CASSPTATLEQYF,1,246.0
CASSPTATREQYF,2,98.0
CASSPTATSEQYF,2,192.0
CASSPTAVREQYF,2,178.0
CASSPTAVSEQYF,1,227.0
CASSPTAVTEQYF,1,97.0
CASSPTAVTEQYF,2,104.0
CASSPTCALEQYF,1,208.0
CASSPTCALEQYF,2,169.0
CASSPTCIREQYF,2,76.0
CASSPTCMTEQYF,1,114.0
CASSPTCPDEQYF,2,22.0
CASSPTCRSEQYF,1,185.0
CASSPTCSKEQYF,1,95.0
CASSPTCSVEQYF,1,47.0
CASSPTCVKEQYF,1,95.0
CASSPTCVYEQYF,1,46.0
CASSPTDAAEQYF,1,123.0
CASSPTDAQEQYF,2,83.0
CASSPTDIPEQYF,2,68.0
CASSPTDLCEQYF,1,59.0
CASSPTDLFEQYF,1,43.0
CASSPTDLLEQYF,2,1.0
CASSPTDLPEQYF,2,90.0
CASSPTDLQEQYF,1,194.0
CASSPTDMCEQYF,2,115.0
CASSPTDMNEQYF,2,17.0
CASSPTDPIEQYF,2,215.0
CASSPTDPQEQYF,1,68.0
CASSPTDPTEQYF,2,150.0
CASSPTDREEQYF,2,64.0
CASSPTDRPEQYF,2,58.0
CASSPTDRVEQYF,2,202.0
CASSPTDRYEQYF,2,118.0
CASSPTDTEEQYF,2,14.0
CASSPTDTGEQYF,2,149.0
CASSPTDTHEQYF,2,105.0
CASSPTDVNEQYF,2,160.0
CASSPTEACEQYF,2,58.0
CASSPTEALEQYF,2,95.0
CASSPTEAQEQYF,2,25.0
CASSPTEGGEQYF,2,119.0
CASSPTEGKEQYF,1,114.0
CASSPTEGREQYF,2,176.0
CASSPTEGSEQYF,2,157.0
CASSPTEIWEQYF,1,144.0
CASSPTELIEQYF,2,8.0
CASSPTEPTEQYF,2,65.0
CASSPTERNEQYF,2,90.0
CASSPTERPEQYF,1,2.0
CASSPTERREQYF,1,49.0
CASSPTERSEQYF,2,47.0
CASSPTESNEQYF,2,127.0
CASSPTESREQYF,2,76.0
CASSPTEVHEQYF,2,29.0
CASSPTEVSEQYF,2,103.0
CASSPTFACEQYF,1,163.0
CASSPTFAHEQYF,1,264.0
CASSPTFAIEQYF,2,1.0
CASSPTFATEQYF,1,69.0
CASSPTFLAEQYF,1,46.0
CASSPTFLCEQYF,2,93.0
CASSPTFMIEQYF,2,3.0
CASSPTFPCEQYF,1,143.0
CASSPTFPEEQYF,1,127.0
CASSPTFPLEQYF,2,104.0
CASSPTFRIEQYF,1,360.0
CASSPTFRLEQYF,1,103.0
CASSPTFTTEQYF,1,169.0
CASSPTFVLEQYF,2,150.0
CASSPTGAAEQYF,2,93.0
CASSPTGAAEQYL,2,1.0
CASSPTGAKEQYF,2,124.0
CASSPTGATEQYF,2,103.0
CASSPTGGLEQYF,2,101.0
CASSPTGISEQYF,1,132.0
CASSPTGLSEQYF,2,115.0
CASSPTGPHEQYF,1,2.0
CASSPTGPREQYF,2,96.0
CASSPTGRCEQYF,2,102.0
CASSPTGSLEQYF,1,81.0
CASSPTGTIEQYF,2,182.0
CASSPTGTREQYF,1,288.0
CASSPTGTSEQYF,1,180.0
CASSPTGVLEQYF,2,58.0
CASSPTGVTEQYF,2,333.0
CASSPTHAAEQYF,1,161.0
CASSPTHAAEQYF,2,174.0
CASSPTHAPEQYF,2,265.0
CASSPTHAREQYF,1,116.0
CASSPTHGAEQYF,1,24.0
CASSPTHGKEQYF,1,68.0
CASSPTHILEQYF,1,65.0
CASSPTHIREQYF,1,193.0
CASSPTHITEQYF,1,145.0
CASSPTHLFEQYF,2,110.0
CASSPTHLKEQYF,1,161.0
CASSPTHLNEQYF,2,104.0
CASSPTHLSEQYF,1,6.0
CASSPTHLSEQYF,2,106.0
CASSPTHPCEQYF,2,48.0
CASSPTHPFEQYF,1,87.0
CASSPTHPMEQYF,2,195.0
CASSPTHPQEQYF,1,171.0
CASSPTHRGEQYF,2,126.0
CASSPTHRNEQYF,2,72.0
CASSPTHRREQYF,2,224.0
CASSPTHTEEQYF,1,154.0
CASSPTHTKERYF,1,1.0
CASSPTHTLEQYF,2,59.0
CASSPTHTPEQYF,1,146.0
CASSPTHTPEQYF,2,21.0
CASSPTHTREQYF,2,27.0
CASSPTHVEEQYF,1,80.0
CASSPTIAWEQYF,1,101.0
CASSPTIAYEQYF,2,20.0
CASSPTIAYGQYF,2,1.0
CASSPTIIDEQYF,2,128.0
CASSPTILLEQYF,1,92.0
CASSPTILREQYF,1,112.0
CASSPTIMAEQYF,1,150.0
CASSPTIPHEQYF,1,88.0
CASSPTIPKEQYF,2,125.0
CASSPTIPLEQYF,2,122.0
CASSPTIPQEQYF,2,180.0
CASSPTIPREQYF,2,98.0
CASSPTIRDEQYF,2,82.0
CASSPTIRLEQYF,1,240.0
CASSPTIRPEQYF,1,120.0
CASSPTIRPEQYF,2,211.0
CASSPTIRREQYF,2,162.0
CASSPTIRSEQYF,1,82.0
CASSPTIRVEQYF,1,125.0
CASSPTITGEQYF,1,47.0
CASSPTITLEQYF,2,2.0
CASSPTITREQYF,2,35.0
CASSPTITVEQYF,2,177.0
CASSPTIVKEQYF,1,111.0
CASSPTKATEQYF,1,78.0
CASSPTKATEQYF,2,114.0
CASSPTKIMEQYF,2,2.0
CASSPTKPIEQYF,2,77.0
CASSPTKPNEQYF,2,143.0
CASSPTKRCEQYF,1,315.0
CASSPTKRKEQYF,2,122.0
CASSPTKRREQYF,2,312.0
CASSPTKSSEQYF,1,159.0
CASSPTKTNEQYF,2,39.0
CASSPTKVGEQYF,2,29.0
CASSPTKVLEQYF,1,80.0
CASSPTLAGEQYF,1,85.0
CASSPTLAKEQYS,2,2.0
CASSPTLAPEQYF,1,173.0
CASSPTLAYEQYF,1,9.0
CASSPTLGAEQYF,1,155.0
CASSPTLGEEQYF,2,111.0
CASSPTLGHEQYF,2,42.0
CASSPTLGMEQYF,2,109.0
CASSPTLIPEQYF,2,102.0
CASSPTLIREQYF,2,151.0
CASSPTLITEQYF,2,73.0
CASSPTLLIEQYF,2,98.0
CASSPTLLLEQYF,1,20.0
CASSPTLMDEQYF,2,87.0
CASSPTLMLEQYF,1,75.0
CASSPTLPCEQYF,2,87.0
CASSPTLPGEQYF,2,187.0
CASSPTLPLEQYF,1,34.0
CASSPTLPREQYF,2,159.0
CASSPTLPTEQYF,1,37.0
CASSPTLRCEQYF,1,269.0
CASSPTLREEQYF,1,8.0
CASSPTLREEQYF,2,80.0
CASSPTLRFEQYF,2,133.0
CASSPTLRSEQYF,2,275.0
CASSPTLRTEQYF,2,89.0
CASSPTLRTEQYL,2,3.0
CASSPTLSHEQYF,2,120.0
CASSPTLTLEQYF,1,147.0
CASSPTLTREQYF,1,177.0
CASSPTLTSEQYF,2,32.0
CASSPTLTTEQYF,2,147.0
CASSPTLVHEQYF,1,68.0
CASSPTLVLEQYF,2,2.0
CASSPTLVSEQYF,2,10.0
CASSPTMALEQYF,2,156.0
CASSPTMANEQYF,1,68.0
CASSPTMANEQYF,2,50.0
CASSPTMANEQYL,2,2.0
CASSPTMIGEQYF,1,109.0
CASSPTMMIEQYF,2,117.0
CASSPTMTVEQYF,1,109.0
CASSPTNALEQYF,1,182.0
CASSPTNALEQYF,2,197.0
CASSPTNAYEQYF,2,13.0
CASSPTNGCEQYF,2,77.0
CASSPTNGEEQYF,2,102.0
CASSPTNLHEQYF,1,199.0
CASSPTNLLEQYF,1,15.0
CASSPTNPSEQYF,1,42.0
CASSPTNPYEQYF,2,187.0
CASSPTNRLEQYF,1,316.0
CASSPTNRLEQYF,2,23.0
CASSPTNRSEQYF,2,112.0
CASSPTNTNEQYF,1,113.0
CASSPTNVGEQYF,1,102.0
CASSPTNVGEQYF,2,133.0
CASSPTPAEEQYF,2,66.0
CASSPTPAIEQYF,2,17.0
CASSPTPALEQYF,2,124.0
CASSPTPAPEQYF,1,16.0
CASSPTPAREQYF,1,27.0
CASSPTPASEQYL,2,1.0
CASSPTPGAEQYF,2,2.0
CASSPTPGDEQYF,2,85.0
CASSPTPGIEQYF,2,2.0
CASSPTPGNEQYF,1,215.0
CASSPTPGPEQYF,2,74.0
CASSPTPGQEQYF,2,65.0
CASSPTPGREQYF,2,39.0
CASSPTPGVEQYF,2,271.0
CASSPTPIAEQYF,1,130.0
CASSPTPIAEQYF,2,115.0
CASSPTPIIEQYF,1,77.0
CASSPTPIIEQYF,2,138.0
CASSPTPIKEQYF,1,57.0
CASSPTPISEQYF,2,83.0
CASSPTPITEQYF,1,4.0
CASSPTPLHEQYF,2,28.0
CASSPTPLLEQYF,1,142.0
CASSPTPLLEQYF,2,230.0
CASSPTPLNEQYF,1,71.0
CASSPTPLPEQYF,2,79.0
CASSPTPLREQYF,1,351.0
CASSPTPLREQYF,2,312.0
CASSPTPMGEQYF,2,118.0
CASSPTPMTEQYF,2,110.0
CASSPTPPAEQYF,2,72.0
CASSPTPPDEQYF,2,31.0
CASSPTPPIEQYF,2,85.0
CASSPTPPREQYF,1,175.0
CASSPTPPREQYF,2,129.0
CASSPTPPTEQYF,2,76.0
CASSPTPQKEQYF,2,25.0
CASSPTPRAEQYF,2,197.0
CASSPTPRCEQYF,2,133.0
CASSPTPRDEQYF,2,3.0
CASSPTPREEQYF,1,119.0
CASSPTPRIEQYF,2,89.0
CASSPTPRLEQYF,1,213.0
CASSPTPRNEQYF,2,71.0
CASSPTPRREQYF,2,39.0
CASSPTPRSEQYF,2,131.0
CASSPTPRTEQYF,2,75.0
CASSPTPRYEQYF,2,3.0
CASSPTPSYEQYF,2,121.0
CASSPTPTAEQYF,1,158.0
CASSPTPTDEQYF,2,117.0
CASSPTPTEELYF,1,1.0
CASSPTPTEEQYF,1,263.0
CASSPTPTGEQYF,2,10.0
CASSPTPTHEQYF,1,292.0
CASSPTPTPEQYF,1,101.0
CASSPTPTPEQYF,2,80.0
CASSPTPTSEQYF,2,143.0
CASSPTPVDEQYF,2,111.0
CASSPTPVHEQYF,2,86.0
CASSPTPVQEQYF,2,87.0
CASSPTPVREQYF,1,74.0
CASSPTPVREQYF,2,109.0
CASSPTPVTEQYF,1,416.0
CASSPTQADEQYF,2,75.0
CASSPTQATEQYF,2,47.0
CASSPTQGPEQYF,1,105.0
CASSPTQIAEQYF,2,60.0
CASSPTQILEQYF,2,11.0
CASSPTQITEQYF,1,236.0
CASSPTQITEQYF,2,14.0
CASSPTQITGQYF,1,1.0
CASSPTQIYEQYF,2,73.0
CASSPTQLIEQYF,2,14.0
CASSPTQLLEQYF,1,33.0
CASSPTQLNEQYF,1,34.0
CASSPTQLSEQYF,1,199.0
CASSPTQMAEQYF,2,53.0
CASSPTQMCEQYF,2,37.0
CASSPTQPCEQYF,2,121.0
CASSPTQPGEQYF,2,203.0
CASSPTQPHEQYF,1,233.0
CASSPTQPNEQYF,2,115.0
CASSPTQPPEQYF,1,47.0
CASSPTQPSEQYF,2,108.0
CASSPTQRDEQYF,1,89.0
CASSPTQRKEQYF,1,65.0
CASSPTQRKKQYF,1,2.0
CASSPTQRREQYF,2,80.0
CASSPTQRSEQYF,2,114.0
CASSPTQRTEQYF,1,91.0
CASSPTQRTEQYF,2,26.0
CASSPTQSGEQYF,1,119.0
CASSPTQTEEQYF,1,90.0
CASSPTQTEEQYF,2,191.0
CASSPTQTIEQYF,1,9.0
CASSPTQTNEQYF,1,88.0
CASSPTQTSEQYF,2,81.0
CASSPTQVCEQYF,2,213.0
CASSPTQVVEQYF,2,88.0
CASSPTQVYEQYF,2,121.0
CASSPTRADEQYF,2,296.0
CASSPTRAGEQYF,1,100.0
CASSPTRAPEQYF,2,144.0
CASSPTRGFEQYF,2,242.0
CASSPTRIDEQYF,2,144.0
CASSPTRITEQYF,2,90.0
CASSPTRIVEQYF,2,121.0
CASSPTRLDEQYF,2,115.0
CASSPTRLSEQYF,1,146.0
CASSPTRPGEQYF,2,92.0
CASSPTRPIEQYF,2,89.0
CASSPTRPLEQYF,2,81.0
CASSPTRPNEQYF,2,86.0
CASSPTRPREQYF,2,144.0
CASSPTRPSEQYF,1,45.0
CASSPTRPTEQYF,2,48.0
CASSPTRPYEQYF,2,38.0
CASSPTRRHEQYF,2,117.0
CASSPTRRNEQYF,2,65.0
CASSPTRRTEQYF,1,7.0
CASSPTRRVEQYF,2,99.0
CASSPTRRWEQYF,1,248.0
CASSPTRRWEQYF,2,115.0
CASSPTRSDEQYF,2,154.0
CASSPTRTAEQYF,1,27.0
CASSPTRTNEQYF,1,4.0
CASSPTRTREQYF,1,79.0
CASSPTRTSEQYF,2,124.0
CASSPTRTTEQYF,2,80.0
CASSPTRTVEQYF,2,2.0
CASSPTRTYEQYF,1,190.0
CASSPTRVAEQYF,2,58.0
CASSPTRVDEQYF,1,286.0
CASSPTRVDEQYF,2,14.0
CASSPTRVQEQYF,1,125.0
CASSPTRVSEQYF,1,127.0
CASSPTRVTEQYF,2,103.0
CASSPTSAAEQYF,2,106.0
CASSPTSAGEQYF,1,174.0
CASSPTSAIEQYF,1,192.0
CASSPTSALEQYF,1,166.0
CASSPTSAQEQYF,2,18.0
CASSPTSAREQYF,2,2.0
CASSPTSGAEQYF,1,85.0
CASSPTSGPEQYF,1,203.0
CASSPTSGREQYF,2,81.0
CASSPTSGSEQYF,2,10.0
CASSPTSINEQYF,2,205.0
CASSPTSITEQYF,2,72.0
CASSPTSLIEQYF,2,32.0
CASSPTSLKEQYF,2,22.0
CASSPTSLNEQYF,2,83.0
CASSPTSLREQYF,1,84.0
CASSPTSLTEQYF,2,221.0
CASSPTSMLEQYF,1,205.0
CASSPTSPHEQYF,1,102.0
CASSPTSPIEQYF,2,96.0
CASSPTSPLEQYF,2,5.0
CASSPTSPREQYF,2,126.0
CASSPTSPTEQYF,2,167.0
CASSPTSRAEQYF,2,100.0
CASSPTSRCEQYF,2,13.0
CASSPTSREEQYF,1,134.0
CASSPTSRGEQYF,2,303.0
CASSPTSRHEQYF,2,239.0
CASSPTSRPEQYF,2,100.0
CASSPTSRQEQYF,2,90.0
CASSPTSRSEQYF,2,61.0
CASSPTSRWEQYF,2,42.0
CASSPTSSREQYF,2,234.0
CASSPTSSSEQYF,1,323.0
CASSPTSTPEQYF,2,176.0
CASSPTSTQEQYF,2,80.0
CASSPTSVCEQYF,2,28.0
CASSPTSVSEQYF,2,100.0
CASSPTTAGEQYF,1,177.0
CASSPTTAKEQYF,1,134.0
CASSPTTAKEQYF,2,13.0
CASSPTTALEQYF,1,32.0
CASSPTTAYEQYF,2,97.0
CASSPTTGDEQYF,2,203.0
CASSPTTGPEQYF,1,207.0
CASSPTTGREQYF,2,145.0
CASSPTTIEEQYF,2,81.0
CASSPTTIGEQYF,1,143.0
CASSPTTIHEQYF,2,237.0
CASSPTTIREQYF,1,187.0
CASSPTTLEEQYF,2,5.0
CASSPTTLGEQYF,2,153.0
CASSPTTLNEQYF,1,178.0
CASSPTTLNEQYF,2,207.0
CASSPTTMQEQYF,2,20.0
CASSPTTMSEQYF,1,38.0
CASSPTTMTEQYF,1,121.0
CASSPTTPAEQYF,1,1.0
CASSPTTPAEQYF,2,29.0
CASSPTTPEEQYF,2,218.0
CASSPTTPGEQYF,2,109.0
CASSPTTPKGQYF,2,1.0
CASSPTTPLEQYF,1,92.0
CASSPTTPLEQYF,2,33.0
CASSPTTPNEQYF,2,2.0
CASSPTTPREQYF,2,152.0
CASSPTTPSEQYF,2,103.0
CASSPTTPVEQYF,1,168.0
CASSPTTPVEQYL,1,1.0
CASSPTTPWEQYF,2,117.0
CASSPTTPYEQYF,2,60.0
CASSPTTRLEQYF,1,161.0
CASSPTTRLEQYF,2,105.0
CASSPTTRREQYF,1,223.0
CASSPTTSAEQYF,1,358.0
CASSPTTSGEQYF,1,5.0
CASSPTTTDEQYF,2,86.0
CASSPTTTFEQYF,2,88.0
CASSPTTTHEQYF,1,5.0
CASSPTTTHEQYF,2,205.0
CASSPTTTIEQYF,2,98.0
CASSPTTTKEQYF,2,48.0
CASSPTTTVEQYF,1,104.0
CASSPTTTVEQYF,2,126.0
CASSPTTVNEQYF,1,216.0
CASSPTTVNEQYF,2,180.0
CASSPTVAHEQYF,1,175.0
CASSPTVANEQYF,2,148.0
CASSPTVATEQYF,2,101.0
CASSPTVGAEQYF,2,80.0
CASSPTVGEEQYF,2,113.0
CASSPTVGFEQYF,1,5.0
CASSPTVGIEQYF,1,102.0
CASSPTVIAEQYF,1,47.0
CASSPTVILEQYF,2,201.0
CASSPTVIREQYF,1,137.0
CASSPTVLIEQYF,1,69.0
CASSPTVLIEQYF,2,151.0
CASSPTVLYEQYF,1,219.0
CASSPTVPLEQYF,1,103.0
CASSPTVPLEQYF,2,197.0
CASSPTVPNEQYF,2,11.0
CASSPTVPTEQYF,2,160.0
CASSPTVRNEQYF,1,33.0
CASSPTVRPEQYF,1,96.0
CASSPTVRSEQYF,2,67.0
CASSPTVRYEQYF,1,246.0
CASSPTVTAEQYF,1,167.0
CASSPTVTMEQYF,2,2.0
CASSPTVTPEQYF,1,245.0
CASSPTVVAEQYF,1,209.0
CASSPTWAVEQYF,1,199.0
CASSPTWGPEQYF,2,75.0
CASSPTWILEQYF,1,4.0
CASSPTWPNEQYF,2,91.0
CASSPTWTFEQYF,2,141.0
CASSPTYAFEQYF,1,90.0
CASSPTYAKEQYF,2,78.0
CASSPTYLVEQYF,2,200.0
CASSPTYPQEQYF,1,257.0
CASSPTYPYEQYF,1,158.0
CASSPTYPYEQYF,2,85.0
CASSPTYRCEQYF,1,52.0
CASSPTYRIEQYF,2,83.0
CASSPTYRLEQYF,1,157.0
CASSPTYTDEQYF,2,228.0
CASSPTYTREQYF,2,88.0
CASSPTYTTEQYF,2,73.0
CASSPTYVGEQYF,2,74.0
CASSPVAALEQYF,1,146.0
CASSPVAAREQYF,2,25.0
CASSPVAATEQYF,2,4.0
CASSPVAGCEQYF,1,177.0
CASSPVAGDEQYF,2,120.0
CASSPVAIREQYF,2,97.0
CASSPVALREQYF,1,67.0
CASSPVARLEQYF,2,115.0
CASSPVASQEQYF,1,77.0
CASSPVATAEQYF,2,100.0
CASSPVATKEQYF,1,156.0
CASSPVATKEQYF,2,179.0
CASSPVATVEQYF,2,23.0
CASSPVAVAEQYF,1,163.0
CASSPVAVAEQYF,2,90.0
CASSPVAVTEQYF,1,101.0
CASSPVCIREQYF,2,115.0
CASSPVCLREQYF,2,78.0
CASSPVCPCEQYF,2,28.0
CASSPVCPREQYF,1,2.0
CASSPVCPREQYF,2,90.0
CASSPVCRIEQYF,2,101.0
CASSPVCSSEQYF,2,98.0
CASSPVCTHEQYF,1,34.0
CASSPVCTSEQYF,2,95.0
CASSPVCVDEQYF,2,141.0
CASSPVDIGEQYF,1,156.0
CASSPVDIVEQYF,1,51.0
CASSPVDLHEQYF,2,111.0
CASSPVDPNEQYF,2,203.0
CASSPVDPTEQYF,2,175.0
CASSPVDPYEQYF,1,320.0
CASSPVDRTEQYF,2,80.0
CASSPVDSREQYF,2,57.0
CASSPVDTEEQYF,2,97.0
CASSPVDTLEQYF,2,74.0
CASSPVEIAEQYF,2,31.0
CASSPVEIEEQYF,2,72.0
CASSPVELGEQYF,1,132.0
CASSPVELGEQYF,2,32.0
CASSPVELQEQYF,2,98.0
CASSPVEMMEQYF,2,63.0
CASSPVEPSEQYF,2,100.0
CASSPVERYEQYF,1,195.0
CASSPVESHEQYF,2,63.0
CASSPVETMEQYF,1,312.0
CASSPVETWEQYF,1,44.0
CASSPVFAAEQYF,2,45.0
CASSPVFACEQYF,1,28.0
CASSPVFGTEQYF,1,119.0
CASSPVFLSEQYF,2,97.0
CASSPVFPCEQYF,2,196.0
CASSPVFPTEQYF,1,6.0
CASSPVFRQEQYF,2,158.0
CASSPVFTIEQYF,2,30.0
CASSPVGAAEQYF,2,2.0
CASSPVGAHEQYF,2,153.0
CASSPVGANEQYF,1,347.0
CASSPVGIDEQYF,2,60.0
CASSPVGMWEQYF,2,70.0
CASSPVGPTEQYF,2,52.0
CASSPVGRHEQYF,2,103.0
CASSPVGRKEQYF,2,96.0
CASSPVGRNEQYF,2,240.0
CASSPVGRREQYF,1,190.0
CASSPVGSREQYF,1,2.0
CASSPVGTQEQYF,2,88.0
CASSPVGVIEQYF,2,171.0
CASSPVGVTEQYF,2,110.0
CASSPVHAEEQYF,2,103.0
CASSPVHAMEQYF,2,142.0
CASSPVHAYEQYF,1,141.0
CASSPVHGEEQYF,2,29.0
CASSPVHGGEQYF,1,147.0
CASSPVHGREQYF,2,101.0
CASSPVHIDEQYF,1,87.0
CASSPVHIDEQYF,2,264.0
CASSPVHMNEQYF,2,55.0
CASSPVHPDEQYF,2,110.0
CASSPVHPEEQYF,1,238.0
CASSPVHPEEQYF,2,310.0
CASSPVHPGEQYF,1,223.0
CASSPVHPGEQYF,2,21.0
CASSPVHPIEQYF,2,81.0
CASSPVHPPEQYF,2,20.0
CASSPVHPREQYF,1,55.0
CASSPVHRAEQYF,2,134.0
CASSPVHRHEQYF,1,158.0
CASSPVHRPEQYF,2,22.0
CASSPVHTNGQYF,2,1.0
CASSPVIAAEQYF,1,146.0
CASSPVIAAEQYF,2,37.0
CASSPVIALEQYF,1,47.0
CASSPVILNEQYF,1,140.0
CASSPVILSEQYF,2,98.0
CASSPVIRGEQYF,1,122.0
CASSPVIRGEQYF,2,50.0
CASSPVIRNEQYF,1,191.0
CASSPVIRVEQYF,2,1.0
CASSPVITLEQYF,1,1.0
CASSPVITVEQYF,1,267.0
CASSPVKADEQYF,2,47.0
CASSPVKGAEQYF,2,136.0
CASSPVKREEQYF,2,93.0
CASSPVKRHEQYF,1,48.0
CASSPVKRHEQYF,2,123.0
CASSPVKRIEQYF,2,81.0
CASSPVKRNEQYF,1,199.0
CASSPVKRSEQYF,1,238.0
CASSPVKTWEQYF,1,85.0
CASSPVKVIEQYF,2,106.0
CASSPVLAGEQYF,2,59.0
CASSPVLAPEQYF,2,50.0
CASSPVLGCEQYF,1,23.0
CASSPVLGIEQYF,2,2.0
CASSPVLGREQYF,1,99.0
CASSPVLISEKYF,2,1.0
CASSPVLISEQYF,2,3.0
CASSPVLLEEQYF,2,187.0
CASSPVLLHEQYF,2,246.0
CASSPVLLNEQYF,2,8.0
CASSPVLLREQYF,1,89.0
CASSPVLLSEQYF,1,59.0
CASSPVLMDEQYF,2,89.0
CASSPVLPAEQYF,2,156.0
CASSPVLPDEQYF,1,5.0
CASSPVLPSGQYF,1,1.0
CASSPVLPTEQYF,2,66.0
CASSPVLPVEQYF,1,27.0
CASSPVLRIEQYF,1,69.0
CASSPVLRNEQYF,1,46.0
CASSPVLRREQYF,1,208.0
CASSPVLRSEQYF,1,141.0
CASSPVLRSEQYF,2,85.0
CASSPVLSIEQYF,2,84.0
CASSPVLTHEQYF,2,168.0
CASSPVLTIEQYF,1,131.0
CASSPVLTSEQYF,1,136.0
CASSPVMAIEQYF,2,13.0
CASSPVMPLEQYF,2,88.0
CASSPVMPVEQYF,2,22.0
CASSPVMRSEQYF,1,114.0
CASSPVMTREQYF,2,89.0
CASSPVMVLEQYF,2,110.0
CASSPVNPTEQYF,2,144.0
CASSPVNSSEQYF,2,47.0
CASSPVNTYEQYF,2,85.0
CASSPVNVAEQYF,1,49.0
CASSPVPAAEQYF,1,10.0
CASSPVPAAEQYF,2,128.0
CASSPVPADEQYF,1,3.0
CASSPVPAEEQYF,2,91.0
CASSPVPAGEQYF,1,31.0
CASSPVPAGEQYF,2,1.0
CASSPVPAREQYF,2,17.0
CASSPVPGDEQYF,2,122.0
CASSPVPGHEQYF,2,90.0
CASSPVPGLEQYF,2,81.0
CASSPVPGQEQYF,1,20.0
CASSPVPGREQYF,2,201.0
CASSPVPGTEQYF,2,7.0
CASSPVPIREQYF,2,26.0
CASSPVPISEQYF,1,211.0
CASSPVPLAEQYF,2,179.0
CASSPVPLTEQYF,1,145.0
CASSPVPLTEQYF,2,17.0
CASSPVPMFEQYF,2,61.0
CASSPVPPLEQYF,1,91.0
CASSPVPPNEQYF,1,7.0
CASSPVPPSEQYF,1,39.0
CASSPVPPTEQYF,1,90.0
CASSPVPPTEQYF,2,55.0
CASSPVPPYEQYF,2,122.0
CASSPVPRCEQYF,1,138.0
CASSPVPRDEQYF,1,82.0
CASSPVPRDEQYF,2,42.0
CASSPVPREEQYF,2,21.0
CASSPVPRLEQYF,1,22.0
CASSPVPRNEQYF,1,215.0
CASSPVPRREQYF,1,235.0
CASSPVPRREQYF,2,63.0
CASSPVPRSEQYF,2,148.0
CASSPVPRTEQYF,1,72.0
CASSPVPSAEQYF,2,88.0
CASSPVPSIEQYF,2,95.0
CASSPVPSLEQYF,1,43.0
CASSPVPSSEQYF,2,28.0
CASSPVPTAEQYF,1,181.0
CASSPVPTIEQYF,1,151.0
CASSPVPTLEQYF,1,4.0
CASSPVPTREQYF,1,339.0
CASSPVPTSEQYF,1,534.0
CASSPVPTVEQYF,1,157.0
CASSPVPVLEQYF,1,3.0
CASSPVPVNEQYF,2,64.0
CASSPVPVREQYF,1,103.0
CASSPVQAGEQYF,2,238.0
CASSPVQGGEQYF,1,193.0
CASSPVQGREQYF,2,53.0
CASSPVQGYEQYF,2,97.0
CASSPVQIDEQYF,2,41.0
CASSPVQIREQYF,2,168.0
CASSPVQLPEQYF,2,5.0
CASSPVQLVEQYF,2,99.0
CASSPVQPLEQYF,2,42.0
CASSPVQRIEQYF,2,15.0
CASSPVQRTEQYF,1,209.0
CASSPVQVKEQYF,2,101.0
CASSPVQVNEQYF,2,47.0
CASSPVRAAEQYF,2,77.0
CASSPVRAIEQYF,2,100.0
CASSPVRAPEQYF,2,79.0
CASSPVRGCEQYF,1,235.0
CASSPVRGSEQYF,1,261.0
CASSPVRIHEQYF,2,20.0
CASSPVRINEQYF,1,1.0
CASSPVRIVEQYF,2,93.0
CASSPVRLCEQYF,2,14.0
CASSPVRLKEQYF,2,108.0
CASSPVRLREQYF,2,185.0
CASSPVRLSEQYF,2,116.0
CASSPVRLTEQYF,1,267.0
CASSPVRLWEQYF,2,1.0
CASSPVRPHEQYF,2,188.0
CASSPVRPIEQYF,1,318.0
CASSPVRPIEQYF,2,45.0
CASSPVRRCEQYF,2,14.0
CASSPVRRFEQYF,2,50.0
CASSPVRRHEQYF,1,89.0
CASSPVRRNEQYF,2,242.0
CASSPVRRPEQYF,2,2.0
CASSPVRRSEQYF,2,76.0
CASSPVRRVEQYF,2,55.0
CASSPVRRYEQYF,1,282.0
CASSPVRSAEQYF,2,222.0
CASSPVRTAEQYF,2,30.0
CASSPVRTFEQYF,2,42.0
CASSPVRTLEQYF,1,55.0
CASSPVRTNEQYF,1,212.0
CASSPVRTREQYF,2,93.0
CASSPVRTSEQYF,2,176.0
CASSPVRTVEQYF,1,158.0
CASSPVRVEEQYF,2,44.0
CASSPVRVNEQYF,2,6.0
CASSPVRVPEQYF,2,80.0
CASSPVRVSEQYF,1,42.0
CASSPVRVVEQYF,2,92.0
CASSPVSAAEQYF,1,242.0
CASSPVSAAEQYF,2,159.0
CASSPVSACEQYF,1,41.0
CASSPVSAKEQYF,2,2.0
CASSPVSAPEQYF,1,10.0
CASSPVSAPEQYF,2,90.0
CASSPVSAVEQYF,1,159.0
CASSPVSAVEQYF,2,11.0
CASSPVSGAEQYF,2,117.0
CASSPVSGEEQYF,2,81.0
CASSPVSICEQYF,1,153.0
CASSPVSLDEQYF,2,92.0
CASSPVSLHEQYF,2,123.0
CASSPVSLIEQYF,2,126.0
CASSPVSLLEQYF,2,32.0
CASSPVSLPEQYF,2,190.0
CASSPVSMYEQYF,2,26.0
CASSPVSPSEQYF,1,101.0
CASSPVSRFEQYF,1,2.0
CASSPVSRPEQYF,1,202.0
CASSPVSRTEQYF,2,94.0
CASSPVSSNEQYF,1,17.0
CASSPVSSPEQYF,1,2.0
CASSPVSTCEQYF,1,82.0
CASSPVSTPEQYF,1,5.0
CASSPVSTPEQYF,2,26.0
CASSPVSTTEQYF,2,12.0
CASSPVSVFEQYF,2,122.0
CASSPVSVIEQYF,1,173.0
CASSPVSVIEQYF,2,270.0
CASSPVSVWEQYF,2,124.0
CASSPVTACEQYF,2,92.0
CASSPVTAKEQYF,2,140.0
CASSPVTGKEQYF,2,139.0
CASSPVTILEQCF,1,1.0
CASSPVTILEQYF,1,12.0
CASSPVTILEQYF,2,129.0
CASSPVTLVEQYF,2,71.0
CASSPVTPAEQYF,1,196.0
CASSPVTPDEQYF,2,185.0
CASSPVTPGEQYF,2,104.0
CASSPVTPPEQYF,2,101.0
CASSPVTRIEQYF,1,30.0
CASSPVTRTEQYF,1,212.0
CASSPVTRTEQYL,1,1.0
CASSPVTRVGQYF,1,1.0
CASSPVTSREQYF,1,214.0
CASSPVTTIEQYF,1,117.0
CASSPVTTIEQYF,2,94.0
CASSPVTTKEQYF,2,108.0
CASSPVTTREQYF,1,195.0
CASSPVTTTEQYF,1,98.0
CASSPVTVIEQYF,1,36.0
CASSPVTVPEQHF,2,1.0
CASSPVTVPEQYF,1,114.0
CASSPVTVPEQYF,2,19.0
CASSPVTVREQYF,1,72.0
CASSPVVAFEQYF,1,108.0
CASSPVVAPEQYF,1,39.0
CASSPVVGLEQYF,2,79.0
CASSPVVGPEQYF,1,84.0
CASSPVVIGEQYF,1,3.0
CASSPVVLLEQYF,1,11.0
CASSPVVLREQYF,1,24.0
CASSPVVMLEQYF,1,264.0
CASSPVVMLEQYF,2,95.0
CASSPVVPEEQYF,1,66.0
CASSPVVPYEQYF,2,23.0
CASSPVVRYEQYF,2,67.0
CASSPVVSAEQYF,2,78.0
CASSPVVTCEQYF,2,94.0
CASSPVVTREQYF,1,87.0
CASSPVVVKEQYF,1,21.0
CASSPVVVSEQYF,1,112.0
CASSPVVVTEQYF,1,105.0
CASSPVWLIEQYF,2,103.0
CASSPVWLVEQYF,2,28.0
CASSPVWRGEQYF,2,92.0
CASSPVWVREQCF,2,2.0
CASSPVYAAEQYF,1,54.0
CASSPVYALEQYF,2,27.0
CASSPVYLREQYF,1,226.0
CASSPVYPAEQYF,2,25.0
CASSPVYPCEQYF,1,123.0
CASSPVYPREQYF,1,98.0
CASSPVYRKEQYF,1,167.0
CASSPVYTEEQYF,2,3.0
CASSPWAAQEQYF,2,1.0
CASSPWGLCEQYF,1,1.0
CASSQGKPNERYF,1,1.0
CASSRASPPEQYF,1,1.0
CASSSCPVSEQYF,2,1.0
CASSSGAIDEQYF,2,1.0
CASSSIRVWKQYF,1,1.0
CASSSRATTEQYF,2,2.0
CASSSRTTDEQYF,1,1.0
CDSSPILRHEQYF,2,44.0
CDSSPIMRYEQYF,1,533.0
CGGSPSPRIEQYF,2,1.0
CGSSPRPIQEQYF,2,1.0
CTSSPAIPAEQYF,2,1.0
CTSSPATLDEQYF,1,1.0
CTSSPAVRYEQYF,1,1.0
CTSSPPHTREQYF,2,2.0
CTSSPRKPAEQYF,2,1.0
CTSSPRPRSEQYF,2,1.0
CTSSPRQADEQYF,1,2.0
CTSSPTDMNEQYF,2,1.0
CTSSPTHKREQYF,2,1.0
CVSIPTWTFEQYF,2,1.0
CVSSPALRLEQYF,2,1.0
CVSSPGPGAEQYF,1,1.0
CVSSPGPIIGQYF,1,1.0
CVSSPREPCEQYF,2,1.0
CVSSPTFAIEQYF,2,1.0
CVSSPTNALEQYF,2,1.0
CVSSPTRRHEQYF,2,2.0
FASSPAHLCERYF,1,1.0
GASSPTQITEQYF,2,1.0
RASGPISTHEQYF,2,1.0
RASSPAIPSEQYF,2,1.0
RASSPGCLYGQYF,2,1.0
RASSPGEADEQYF,1,1.0
RASSPGHPVEQYL,2,1.0
RASSPINMLEQYF,2,2.0
RASSPRSPREQYV,2,1.0
RASSPSTTYEQYF,1,1.0
RASSPTQVVEQYF,2,2.0
RASSPTRTTEQYF,2,2.0
RASSPVPLAEQYF,2,4.0
RASSPVQASEQYF,2,1.0
RASSPVSGAEQYF,2,2.0
RASSRGPISEQYF,1,1.0
RASSRGPSCEQYF,2,1.0
WASSPAPTIEQYF,2,1.0
WASSPRKPTEQYF,2,1.0
YARSPGTGGEQYF,2,1.0
YASSPALLSEQYF,2,5.0
YASSPAQSIEQYF,2,1.0
YASSPGRPSEQCF,2,1.0
YASSPVFRHEQYF,2,2.0
